{
    "version": 1,
    "layoutName": "terrain_seed_50_grid_10",
    "terrainSeed": 50,
    "gridSize": 10,
    "terrainWidth": 1000,
    "terrainHeight": 1000,
    "seaLevel": 0.0,
    "maxBuildableSlopeDelta": 9.069999694824219,
    "buildable": [
        1,
        1,
        1,
        1,
        1,
        1,
        1,
        1,
        1,
        1,
        1,
        1,
        1,
        1,
        1,
        1,
        1,
        1,
        1,
        1,
        1,
        1,
        1,
        1,
        1,
        1,
        1,
        1,
        1,
        1,
        0,
        0,
        0,
        0,
        0,
        0,
        1,
        1,
        1,
        1,
        0,
        0,
        1,
        1,
        0,
        0,
        1,
        1,
        1,
        1,
        1,
        1,
        1,
        1,
        1,
        1,
        1,
        1,
        1,
        1,
        1,
        1,
        0,
        0,
        1,
        1,
        1,
        1,
        1,
        1,
        0,
        1,
        1,
        0,
        1,
        1,
        1,
        1,
        1,
        1,
        0,
        1,
        1,
        1,
        1,
        1,
        1,
        1,
        1,
        1,
        1,
        1,
        1,
        1,
        1,
        1,
        1,
        1,
        1,
        1
    ],
    "heights": [
        3.3427910804748537,
        12.276458740234375,
        3.1500747203826906,
        0.026148194447159768,
        0.1436326950788498,
        0.8570016622543335,
        0.00031073507852852345,
        0.0000027654807581711795,
        0.05578652396798134,
        9.420510292053223,
        0.005200241692364216,
        2.619137763977051,
        3.677466869354248,
        0.9901658892631531,
        0.5943830609321594,
        0.2354671210050583,
        0.0020461687818169595,
        3.30549188021223e-9,
        0.00016091892030090094,
        4.689682483673096,
        1.2162138318672079e-7,
        0.0030586719512939455,
        0.0024923691526055338,
        0.002433165442198515,
        0.003432929515838623,
        0.0005527022294700146,
        0.008138637989759446,
        0.02863389067351818,
        0.07068714499473572,
        1.1478215456008912,
        -49.104583740234378,
        -84.38237762451172,
        -70.99028778076172,
        -46.51877212524414,
        -12.230572700500489,
        -77.54434967041016,
        0.02905045449733734,
        6.581733703613281,
        5.739099025726318,
        0.056880101561546329,
        -41.361480712890628,
        -12.694147109985352,
        1.1961404089433358e-12,
        0.00032398561597801745,
        5.741750899333677e-15,
        -80.9975814819336,
        0.0010495600290596486,
        1.6020597219467164,
        1.523572564125061,
        0.001044458127580583,
        0.00002486947414581664,
        0.005577391479164362,
        0.12366423010826111,
        1.9177842140197755,
        0.18290725350379945,
        0.000009858655175776221,
        5.88186026106996e-7,
        0.007209013216197491,
        0.013614724390208722,
        0.009178301319479943,
        0.008134882897138596,
        11.139861106872559,
        32.63694763183594,
        91.31497192382813,
        28.676376342773439,
        1.7063357830047608,
        0.00015893159434199333,
        1.908051353635004e-13,
        2.230271366740667e-16,
        0.07092411071062088,
        -8.247029304504395,
        1.3182748556137086,
        26.640300750732423,
        26.093730926513673,
        5.189079761505127,
        2.083374500274658,
        1.364973783493042,
        0.015100513584911824,
        1.1879098815725798e-9,
        0.054291982203722,
        -98.80635070800781,
        0.000005663657702825731,
        0.31594884395599368,
        0.32913148403167727,
        0.00311077106744051,
        0.021644823253154756,
        1.5159661769866944,
        0.11314357072114945,
        0.00019185643759556115,
        0.07402068376541138,
        0.00001427078586857533,
        0.000009904529179038946,
        0.017060553655028344,
        0.00008607031486462802,
        0.0003120443143416196,
        0.0874333381652832,
        0.3018456697463989,
        0.001600387622602284,
        2.597397644188426e-11,
        0.00008354754390893504
    ]
}