{
    "version": 1,
    "layoutName": "terrain_seed_19_grid_10",
    "terrainSeed": 19,
    "gridSize": 10,
    "terrainWidth": 1000,
    "terrainHeight": 1000,
    "seaLevel": 0.0,
    "maxBuildableSlopeDelta": 9.069999694824219,
    "buildable": [
        1,
        1,
        1,
        1,
        1,
        0,
        1,
        1,
        0,
        1,
        1,
        1,
        1,
        1,
        1,
        1,
        1,
        1,
        1,
        1,
        1,
        1,
        1,
        1,
        1,
        1,
        1,
        1,
        1,
        1,
        1,
        1,
        1,
        1,
        1,
        1,
        1,
        1,
        1,
        0,
        1,
        1,
        1,
        1,
        1,
        1,
        1,
        1,
        1,
        0,
        1,
        1,
        1,
        1,
        1,
        1,
        0,
        1,
        1,
        1,
        1,
        1,
        1,
        1,
        1,
        1,
        0,
        0,
        1,
        1,
        0,
        1,
        1,
        1,
        1,
        0,
        0,
        0,
        1,
        1,
        1,
        1,
        1,
        0,
        1,
        1,
        1,
        1,
        1,
        1,
        1,
        1,
        1,
        1,
        1,
        1,
        1,
        1,
        1,
        1
    ],
    "heights": [
        24.604148864746095,
        4.923403739929199,
        0.6194877624511719,
        0.017310362309217454,
        3.8494522414112e-7,
        -66.64836120605469,
        3.7924096033133649e-15,
        1.1860687543219229e-8,
        -19.531177520751954,
        0.00007555060437880456,
        0.8294123411178589,
        0.24136261641979218,
        4.123232364654541,
        0.1860944777727127,
        0.000006250062142498791,
        1.3340010696083483e-7,
        0.0019605623092502357,
        0.0002007915172725916,
        1.9636820381557785e-12,
        0.0013627959415316582,
        0.034324761480093,
        0.021137556061148645,
        2.3451924324035646,
        4.3021697998046879,
        0.30423277616500857,
        0.21685071289539338,
        9.751730918884278,
        0.8487880825996399,
        0.010826198384165764,
        0.5536619424819946,
        0.6824359893798828,
        0.6673582196235657,
        12.378166198730469,
        18.5920352935791,
        5.992431640625,
        7.504190444946289,
        18.362815856933595,
        26.240182876586915,
        14.383259773254395,
        54.04353713989258,
        4.30397367477417,
        2.4577248096466066,
        10.623601913452149,
        29.489444732666017,
        1.0860906839370728,
        0.012681064195930958,
        0.011195337399840355,
        3.220961332321167,
        36.02888107299805,
        41.056419372558597,
        0.03143380209803581,
        0.038619980216026309,
        0.6293748617172241,
        2.951861619949341,
        1.234384298324585,
        0.00031126485555432737,
        -37.796817779541019,
        0.01095557026565075,
        0.9866477847099304,
        2.037627935409546,
        5.035202116365767e-11,
        0.000007816597644705325,
        0.005479696672409773,
        0.4585939049720764,
        0.04876022785902023,
        2.208258020885978e-9,
        -228.0,
        -21.33243751525879,
        0.000058691526646725833,
        0.0004283947928342968,
        -11.949932098388672,
        0.0024678553454577924,
        0.7229637503623962,
        3.4781265258789064,
        0.007793986238539219,
        -16.567564010620118,
        -35.51744079589844,
        -0.27041834592819216,
        0.0000010631435998220696,
        3.0380873372592988e-9,
        3.5331253981502053e-13,
        0.0055359466932713989,
        7.789422035217285,
        39.02669906616211,
        1.0503668785095215,
        0.00611501932144165,
        0.013091940432786942,
        0.24188019335269929,
        0.09223885089159012,
        0.001052315579727292,
        0.0009573532734066248,
        0.5139213800430298,
        8.891450881958008,
        25.68016242980957,
        1.7621461153030396,
        0.016398610547184945,
        0.007586518302559853,
        0.6185053586959839,
        0.7900037169456482,
        0.09677095711231232
    ]
}