{
    "version": 1,
    "layoutName": "terrain_seed_43_grid_10",
    "terrainSeed": 43,
    "gridSize": 10,
    "terrainWidth": 1000,
    "terrainHeight": 1000,
    "seaLevel": 0.0,
    "maxBuildableSlopeDelta": 9.069999694824219,
    "buildable": [
        1,
        1,
        1,
        1,
        1,
        1,
        0,
        1,
        1,
        1,
        1,
        1,
        1,
        0,
        1,
        1,
        0,
        1,
        1,
        1,
        1,
        1,
        0,
        0,
        1,
        1,
        1,
        1,
        1,
        1,
        1,
        1,
        1,
        0,
        1,
        1,
        1,
        1,
        0,
        1,
        1,
        1,
        1,
        1,
        1,
        1,
        1,
        1,
        1,
        1,
        1,
        1,
        1,
        1,
        1,
        1,
        1,
        1,
        1,
        1,
        1,
        1,
        1,
        0,
        0,
        0,
        1,
        1,
        0,
        1,
        1,
        1,
        1,
        0,
        0,
        1,
        1,
        1,
        1,
        0,
        1,
        1,
        1,
        1,
        1,
        1,
        1,
        1,
        0,
        0,
        1,
        0,
        0,
        1,
        1,
        0,
        0,
        1,
        1,
        0
    ],
    "heights": [
        0.000001764384137459274,
        0.0038096439093351366,
        0.059959039092063907,
        0.00015299092046916485,
        4.537235476220758e-9,
        5.251772794423459e-9,
        -20.714937210083009,
        0.0000020235418105585269,
        0.10456834733486176,
        0.09482034295797348,
        0.06072479858994484,
        0.07815933972597122,
        0.000010965567526000086,
        -71.54216766357422,
        5.767851689597592e-7,
        0.05659962818026543,
        -6.36240291595459,
        8.181518844682231e-19,
        0.012511080130934716,
        0.9229483604431152,
        0.04024479538202286,
        0.13064129650592805,
        4.583867465289548e-13,
        -83.31820678710938,
        0.00030735868494957685,
        0.8142517805099487,
        0.0035553118214011194,
        0.008747320622205735,
        1.1555039882659913,
        0.6185634136199951,
        0.29717329144477847,
        0.08854451775550842,
        1.4825532446138824e-7,
        -11.20007610321045,
        0.35298749804496767,
        1.925016164779663,
        3.8528430461883547,
        3.160924196243286,
        31.497455596923829,
        1.147933840751648,
        13.296500205993653,
        0.1424895077943802,
        7.325551223402726e-7,
        0.003486127592623234,
        1.7862484455108643,
        1.1660776138305665,
        2.4520866870880129,
        6.041426658630371,
        3.739584445953369,
        1.0540986061096192,
        10.346369743347168,
        0.26668739318847659,
        0.0000021985863440932009,
        0.000005345914360077586,
        0.018623139709234239,
        0.0011718813329935074,
        0.0016445391811430455,
        0.0049082571640610699,
        0.011163461022078991,
        0.01712113618850708,
        3.82850980758667,
        1.5021744966506959,
        0.0005751095595769584,
        -38.508975982666019,
        -130.37921142578126,
        -8.931624412536621,
        0.00007099923095665872,
        6.16807426467858e-7,
        -14.939125061035157,
        3.0208148871224697e-8,
        0.23684397339820863,
        0.6167612075805664,
        0.2703230679035187,
        -34.9953498840332,
        -104.14543914794922,
        0.0037373595405369999,
        0.2570895552635193,
        0.0024145725183188917,
        9.893102337343862e-9,
        -58.20096206665039,
        0.002811931539326906,
        0.0044774082489311699,
        0.0007848841487430036,
        9.120261490469517e-11,
        0.0018052165396511555,
        4.508090019226074,
        17.408472061157228,
        0.40949746966362,
        9.686207391723656e-10,
        -105.60791015625,
        0.00010628650488797575,
        -82.50535583496094,
        -22.727901458740236,
        0.00011920931137865409,
        4.86301851272583,
        61.30287170410156,
        121.89710235595703,
        1.1430721282958985,
        0.0019408381776884199,
        -52.58144760131836
    ]
}