{
    "version": 1,
    "layoutName": "terrain_seed_27_grid_10",
    "terrainSeed": 27,
    "gridSize": 10,
    "terrainWidth": 1000,
    "terrainHeight": 1000,
    "seaLevel": 0.0,
    "maxBuildableSlopeDelta": 9.069999694824219,
    "buildable": [
        0,
        1,
        1,
        1,
        1,
        1,
        1,
        1,
        1,
        0,
        0,
        1,
        1,
        1,
        1,
        1,
        0,
        1,
        1,
        1,
        0,
        1,
        1,
        0,
        1,
        1,
        0,
        1,
        1,
        1,
        1,
        1,
        0,
        1,
        1,
        1,
        1,
        1,
        1,
        0,
        1,
        1,
        1,
        1,
        1,
        1,
        1,
        1,
        1,
        1,
        1,
        1,
        1,
        1,
        1,
        1,
        1,
        1,
        1,
        1,
        1,
        1,
        1,
        1,
        1,
        1,
        0,
        1,
        1,
        1,
        1,
        1,
        1,
        1,
        1,
        1,
        0,
        1,
        1,
        1,
        1,
        1,
        1,
        1,
        1,
        1,
        0,
        1,
        1,
        1,
        1,
        0,
        0,
        1,
        1,
        1,
        0,
        1,
        1,
        1
    ],
    "heights": [
        -200.90599060058595,
        0.0000012876656683147303,
        0.10655765235424042,
        0.07253532111644745,
        0.012049638666212559,
        0.0769999623298645,
        0.0182737335562706,
        0.13539986312389375,
        9.821792602539063,
        75.09053802490235,
        -205.9729461669922,
        4.039600414156713e-14,
        0.13350307941436768,
        2.843775749206543,
        0.38561466336250307,
        0.00010246226156596094,
        -70.5141372680664,
        0.000005779027105745627,
        0.20595671236515046,
        0.6173994541168213,
        -45.23419952392578,
        0.008221033960580826,
        7.653201103210449,
        42.7470817565918,
        0.6509160995483398,
        5.892710532862111e-7,
        -32.037044525146487,
        0.016329536214470865,
        2.6010377407073976,
        2.8138346672058107,
        0.0006065603229217231,
        1.726946473121643,
        26.309856414794923,
        25.049177169799806,
        0.11053653061389923,
        0.00008800475916359574,
        0.0011429991573095322,
        13.895143508911133,
        102.06199645996094,
        31.270071029663087,
        0.17636895179748536,
        1.3466767072677613,
        0.06421083956956864,
        0.848976194858551,
        0.0860629677772522,
        0.00023299906752072275,
        0.07652507722377777,
        9.486043930053711,
        17.662250518798829,
        5.9659247398376469,
        0.24619638919830323,
        0.19357439875602723,
        0.0013729779748246074,
        0.07259177416563034,
        0.4179117679595947,
        0.00005483556378749199,
        1.8868828988161113e-7,
        0.07138955593109131,
        0.14004303514957429,
        5.880007743835449,
        5.217063903808594,
        3.443557024002075,
        0.14314627647399903,
        0.747401237487793,
        0.27403756976127627,
        0.000001063236140907975,
        -60.08251190185547,
        2.472761195804196e-7,
        0.010697047226130963,
        3.8400111198425295,
        16.256996154785158,
        1.920354962348938,
        1.4845590591430665,
        13.002349853515625,
        0.11389356851577759,
        0.000015121550859475974,
        -100.57206726074219,
        0.000011902147889486514,
        0.026187339797616006,
        0.04862135276198387,
        1.7264567613601685,
        0.03029528260231018,
        0.10708460211753845,
        4.419676303863525,
        0.28868168592453005,
        3.0473893275484445e-7,
        -100.13605499267578,
        0.0035698700230568649,
        1.1376776695251465,
        0.0370425321161747,
        0.00015966624778229743,
        -7.344025135040283,
        -11.207382202148438,
        0.34890279173851015,
        2.621986150741577,
        0.05191505327820778,
        -40.6611328125,
        0.000043403953895904124,
        0.08797825872898102,
        0.2714751064777374
    ]
}