{
    "version": 1,
    "layoutName": "terrain_seed_58_grid_10",
    "terrainSeed": 58,
    "gridSize": 10,
    "terrainWidth": 1000,
    "terrainHeight": 1000,
    "seaLevel": 0.0,
    "maxBuildableSlopeDelta": 9.069999694824219,
    "buildable": [
        1,
        1,
        1,
        1,
        1,
        1,
        1,
        1,
        1,
        0,
        1,
        1,
        1,
        1,
        0,
        1,
        1,
        1,
        1,
        0,
        1,
        1,
        1,
        0,
        1,
        1,
        0,
        1,
        0,
        0,
        1,
        1,
        0,
        1,
        1,
        1,
        0,
        1,
        1,
        0,
        1,
        1,
        1,
        1,
        1,
        1,
        1,
        1,
        1,
        1,
        1,
        1,
        1,
        1,
        1,
        1,
        1,
        1,
        1,
        1,
        1,
        1,
        1,
        1,
        1,
        1,
        0,
        0,
        0,
        0,
        1,
        1,
        0,
        1,
        1,
        1,
        1,
        0,
        0,
        1,
        1,
        1,
        1,
        1,
        1,
        1,
        1,
        1,
        1,
        1,
        1,
        1,
        1,
        1,
        0,
        0,
        1,
        1,
        0,
        0
    ],
    "heights": [
        3.5375466346740724,
        15.036720275878907,
        3.683819055557251,
        0.000052627070544986054,
        1.61047040592166e-7,
        0.1740303784608841,
        13.210935592651368,
        0.16117161512374879,
        0.0000011505601378303255,
        -3.871124029159546,
        0.01800052635371685,
        7.046149730682373,
        2.3486528396606447,
        2.1313180109672204e-9,
        -16.089614868164064,
        0.1279028356075287,
        10.790987014770508,
        0.11214818060398102,
        1.3867867210137775e-7,
        -19.70455551147461,
        5.58468514100241e-7,
        0.0062560285441577438,
        0.0013097015907987953,
        -3.574676513671875,
        0.021034186705946924,
        3.1909892559051515,
        44.24545669555664,
        0.2059640884399414,
        5.876851739625155e-13,
        -164.814208984375,
        0.0017083374550566078,
        8.547649343881858e-8,
        -4.437412738800049,
        0.0002392630703980103,
        0.42900386452674868,
        13.526552200317383,
        42.162872314453128,
        2.861877679824829,
        0.0006546972435899079,
        -215.1858673095703,
        3.3062002658843996,
        0.015202566049993039,
        2.958250033824328e-10,
        0.02865339256823063,
        1.4792613983154297,
        0.013543824665248394,
        0.11239929497241974,
        2.238906145095825,
        0.22090937197208405,
        3.987189600707097e-8,
        2.9026706218719484,
        0.21511328220367433,
        0.00013469070836436003,
        0.13219203054904939,
        0.13968944549560548,
        0.000024384984499192797,
        0.0000037654490370186979,
        0.0072973971255123619,
        0.0006304188282229006,
        9.31343371578446e-22,
        0.004720458295196295,
        0.0036942458245903255,
        5.818052924241545e-17,
        0.031172607094049455,
        1.8226988315582276,
        0.056692130863666537,
        -63.715171813964847,
        -40.51622772216797,
        -109.26593017578125,
        -118.64202117919922,
        0.0000055227910706889819,
        0.0008455958450213075,
        -136.4265594482422,
        0.00420667277649045,
        2.8405685424804689,
        1.3760707378387452,
        0.00019112011068500578,
        -103.80421447753906,
        -1.0333364009857178,
        0.00046127423411235213,
        0.1813870370388031,
        0.1242615357041359,
        0.000007201490916486364,
        2.8794616468985624e-8,
        0.0007173482445068657,
        0.034777797758579257,
        0.013115417212247849,
        0.10321052372455597,
        0.2516186833381653,
        3.8511135578155519,
        1.896746277809143,
        0.9023573994636536,
        0.0002730372943915427,
        1.4609881013316618e-11,
        -141.7823486328125,
        -80.47791290283203,
        0.04482262209057808,
        14.931967735290528,
        37.33354187011719,
        141.0027313232422
    ]
}