{
    "version": 1,
    "layoutName": "terrain_seed_18_grid_10",
    "terrainSeed": 18,
    "gridSize": 10,
    "terrainWidth": 1000,
    "terrainHeight": 1000,
    "seaLevel": 0.0,
    "maxBuildableSlopeDelta": 9.069999694824219,
    "buildable": [
        1,
        1,
        1,
        1,
        1,
        1,
        1,
        1,
        1,
        1,
        1,
        1,
        1,
        1,
        1,
        1,
        1,
        0,
        1,
        1,
        1,
        1,
        1,
        1,
        1,
        1,
        1,
        1,
        1,
        1,
        1,
        1,
        1,
        0,
        1,
        1,
        1,
        1,
        0,
        0,
        1,
        1,
        1,
        1,
        1,
        1,
        1,
        1,
        1,
        1,
        0,
        1,
        1,
        1,
        1,
        1,
        1,
        1,
        1,
        1,
        1,
        1,
        1,
        1,
        1,
        1,
        1,
        1,
        1,
        0,
        1,
        1,
        1,
        1,
        1,
        1,
        0,
        1,
        1,
        1,
        1,
        1,
        1,
        1,
        1,
        1,
        1,
        1,
        1,
        0,
        1,
        1,
        1,
        1,
        1,
        1,
        1,
        1,
        1,
        0
    ],
    "heights": [
        11.886180877685547,
        1.3269323110580445,
        3.4007837772369386,
        6.520554542541504,
        0.2578802704811096,
        0.00016465235967189074,
        2.8594846725463869,
        6.472442626953125,
        0.1907261312007904,
        0.0037868947256356479,
        2.508464813232422,
        0.053295187652111056,
        0.0827195793390274,
        0.6109529137611389,
        0.010288498364388943,
        0.000005282030997477705,
        1.8053629398345948,
        40.29383850097656,
        0.7978319525718689,
        0.21251355111598969,
        9.363986015319825,
        0.8826615810394287,
        1.1161484718322755,
        23.742050170898439,
        2.8707165718078615,
        0.04410998523235321,
        0.6198112964630127,
        0.830245316028595,
        0.002155820606276393,
        0.0023950408212840559,
        6.640477657318115,
        11.37188720703125,
        27.7486629486084,
        68.2131118774414,
        26.889957427978517,
        5.0824408531188969,
        0.05045878514647484,
        0.0000625443208264187,
        -55.742881774902347,
        -5.779471397399902,
        0.00013858434977009892,
        0.3976231813430786,
        12.765886306762696,
        3.5762016773223879,
        0.5057809352874756,
        8.290792465209961,
        1.2103278636932374,
        0.000014642033420386724,
        0.000014334615116240457,
        0.0093389255926013,
        -15.62526798248291,
        0.17163969576358796,
        2.8238322734832765,
        0.3088144063949585,
        0.2194657027721405,
        4.108809947967529,
        5.248810291290283,
        0.4458354711532593,
        1.1240509748458863,
        15.093414306640625,
        0.0002801871160045266,
        1.0526885986328126,
        12.320535659790039,
        6.960074424743652,
        1.1005531549453736,
        39.33342361450195,
        82.66801452636719,
        12.43666934967041,
        9.648100852966309,
        46.35942840576172,
        0.25112634897232058,
        6.201240539550781,
        9.014994621276856,
        8.867827415466309,
        5.285503387451172,
        25.84639549255371,
        54.643829345703128,
        5.675726890563965,
        0.12268446385860443,
        0.08995189517736435,
        0.0006582761416211724,
        0.28509482741355898,
        0.21828943490982057,
        0.3178150951862335,
        0.29186946153640749,
        0.41158825159072878,
        8.707313537597657,
        2.5792455673217775,
        0.00006652018782915547,
        -0.9827064871788025,
        0.021022826433181764,
        0.003508730558678508,
        0.0000048475790208613038,
        0.0000025374192773597317,
        0.0013085249811410905,
        0.035917773842811587,
        2.6511788368225099,
        0.326341837644577,
        7.29089535411731e-8,
        -197.19862365722657
    ]
}