{
    "version": 1,
    "layoutName": "terrain_seed_15_grid_10",
    "terrainSeed": 15,
    "gridSize": 10,
    "terrainWidth": 1000,
    "terrainHeight": 1000,
    "seaLevel": 0.0,
    "maxBuildableSlopeDelta": 9.069999694824219,
    "buildable": [
        1,
        0,
        0,
        0,
        1,
        1,
        1,
        1,
        1,
        1,
        1,
        1,
        0,
        0,
        1,
        1,
        1,
        1,
        1,
        1,
        0,
        1,
        1,
        1,
        1,
        1,
        1,
        1,
        1,
        1,
        0,
        1,
        1,
        1,
        1,
        1,
        1,
        1,
        1,
        1,
        1,
        1,
        1,
        1,
        1,
        1,
        1,
        1,
        1,
        1,
        1,
        1,
        1,
        1,
        1,
        1,
        0,
        1,
        1,
        1,
        1,
        1,
        0,
        1,
        1,
        1,
        0,
        1,
        1,
        1,
        1,
        1,
        0,
        0,
        1,
        1,
        1,
        1,
        1,
        1,
        1,
        1,
        1,
        0,
        1,
        1,
        1,
        1,
        1,
        1,
        1,
        1,
        1,
        1,
        0,
        0,
        1,
        1,
        1,
        1
    ],
    "heights": [
        0.0003755168872885406,
        -7.5617804527282719,
        -46.376869201660159,
        -114.76604461669922,
        0.0015654109884053469,
        0.05810638517141342,
        0.2635289430618286,
        0.006551648490130901,
        0.007506962865591049,
        0.012338533066213131,
        5.717530727386475,
        0.000027997670258628204,
        -61.74714660644531,
        -43.45355224609375,
        0.00000820978675619699,
        0.0012904939940199257,
        0.2565200626850128,
        1.9663208723068238,
        2.420779228210449,
        4.823977470397949,
        78.92436981201172,
        1.7251012325286866,
        0.003017955459654331,
        0.002672509988769889,
        0.2650109529495239,
        0.18783490359783173,
        0.06889797002077103,
        0.115870401263237,
        0.31084027886390688,
        7.785298824310303,
        108.84033966064453,
        21.2216796875,
        0.8324263095855713,
        2.209589719772339,
        9.620644569396973,
        1.188388705253601,
        0.011523181572556496,
        0.008218268863856793,
        0.24015554785728455,
        14.048378944396973,
        95.07341003417969,
        5.597689151763916,
        0.03553137928247452,
        1.6167895793914796,
        5.4116291999816898,
        0.0489569790661335,
        0.0002371697628404945,
        0.29607126116752627,
        13.2415189743042,
        51.39962387084961,
        76.01607513427735,
        1.3153274059295655,
        0.005873756483197212,
        0.19680871069431306,
        0.7696211934089661,
        3.153046990167496e-10,
        -75.45489501953125,
        0.004763986449688673,
        4.288121223449707,
        2.076310873031616,
        2.366374969482422,
        0.04340304434299469,
        8.667402151556465e-19,
        0.00010264415323035792,
        0.04500953480601311,
        3.817217653079297e-9,
        -133.3657684326172,
        2.3203113042047364e-10,
        0.023862028494477273,
        0.00931550469249487,
        0.003423124784603715,
        0.028246402740478517,
        -20.694433212280275,
        -204.3685302734375,
        9.568349241817487e-7,
        0.002895853016525507,
        1.272665741680612e-7,
        0.00024364863929804415,
        1.3651336431503297,
        0.10568535327911377,
        1.5998766422271729,
        1.5649932622909547,
        0.00012359325774013996,
        -41.4520378112793,
        0.06709586828947067,
        2.276414155960083,
        0.19614511728286744,
        0.006413165479898453,
        2.248889684677124,
        2.841700315475464,
        3.957869529724121,
        14.069212913513184,
        0.5996767282485962,
        0.2093433439731598,
        20.79851722717285,
        88.94497680664063,
        1.1925595998764039,
        0.014256210066378117,
        3.2830097675323488,
        8.170049667358399
    ]
}