{
    "version": 1,
    "layoutName": "terrain_seed_46_grid_10",
    "terrainSeed": 46,
    "gridSize": 10,
    "terrainWidth": 1000,
    "terrainHeight": 1000,
    "seaLevel": 0.0,
    "maxBuildableSlopeDelta": 9.069999694824219,
    "buildable": [
        0,
        0,
        1,
        1,
        1,
        1,
        1,
        1,
        1,
        1,
        1,
        1,
        0,
        0,
        1,
        1,
        1,
        1,
        0,
        1,
        1,
        1,
        0,
        0,
        1,
        1,
        1,
        1,
        1,
        1,
        1,
        1,
        1,
        1,
        1,
        1,
        0,
        1,
        1,
        1,
        1,
        0,
        1,
        1,
        1,
        1,
        1,
        1,
        1,
        1,
        0,
        1,
        1,
        1,
        1,
        1,
        1,
        1,
        1,
        1,
        0,
        1,
        1,
        1,
        1,
        1,
        1,
        1,
        0,
        0,
        0,
        1,
        1,
        1,
        0,
        1,
        1,
        1,
        0,
        0,
        0,
        1,
        1,
        1,
        1,
        1,
        1,
        1,
        0,
        0,
        0,
        1,
        1,
        1,
        1,
        1,
        1,
        1,
        1,
        0
    ],
    "heights": [
        -46.84675979614258,
        -10.376462936401368,
        0.0000011357159337421763,
        0.0030453824438154699,
        0.007283851504325867,
        0.041668299585580829,
        0.0002213052794104442,
        1.762132800786631e-10,
        0.0022195414640009405,
        0.8219872117042542,
        0.11336282640695572,
        0.0018519922159612179,
        -13.553500175476075,
        -121.81815338134766,
        1.1628930707274776e-7,
        0.016397465020418168,
        0.3612230122089386,
        0.000012119031453039497,
        -21.849096298217775,
        1.9785912908076854e-9,
        0.5778048634529114,
        0.05402933806180954,
        -3.325993776321411,
        -89.17694091796875,
        0.003808676963672042,
        0.9680864810943604,
        16.285558700561525,
        0.14751529693603517,
        0.0000065157655626535419,
        0.000003317162054372602,
        0.004358877427875996,
        0.00003545651998138055,
        1.766576988859736e-11,
        2.9372762000434706e-8,
        0.11547597497701645,
        15.66971492767334,
        117.91002655029297,
        1.7051830291748047,
        0.022533616051077844,
        0.1803283393383026,
        6.1145680532725954e-12,
        -3.2394931316375734,
        0.000017762809875421226,
        0.000008070598596532363,
        0.004002406727522612,
        3.323864698410034,
        27.695022583007814,
        0.20775163173675538,
        0.00018837129755411297,
        0.030959276482462884,
        -3.021472930908203,
        0.0016414703568443657,
        0.33776238560676577,
        0.0004380924510769546,
        0.003952145576477051,
        0.6381818056106567,
        10.355058670043946,
        0.19325220584869386,
        0.000007970802471390925,
        8.803764899312228e-7,
        -7.299903392791748,
        0.1532786339521408,
        2.0859527587890627,
        0.009659556671977044,
        4.4359712347841199e-8,
        0.036469973623752597,
        0.48684704303741457,
        0.00009816858801059425,
        -50.5595703125,
        -82.16932678222656,
        -145.0867919921875,
        0.002359724137932062,
        2.097102165222168,
        0.045034974813461307,
        -17.214906692504884,
        0.000017766735254554078,
        0.017413660883903505,
        0.000008756283023103606,
        -99.02372741699219,
        -42.55121612548828,
        -126.44892120361328,
        0.00021962290338706225,
        0.30745553970336916,
        0.5506075024604797,
        0.008977469988167286,
        0.1074795201420784,
        1.4517208337783814,
        0.07313984632492066,
        1.7281746244632234e-22,
        -136.47177124023438,
        -111.80631256103516,
        3.559990702228788e-8,
        0.07392329722642899,
        12.668425559997559,
        3.966290235519409,
        2.550480365753174,
        3.7800815105438234,
        0.920401930809021,
        0.019974403083324434,
        -96.94670867919922
    ]
}