{
    "version": 1,
    "layoutName": "terrain_seed_48_grid_10",
    "terrainSeed": 48,
    "gridSize": 10,
    "terrainWidth": 1000,
    "terrainHeight": 1000,
    "seaLevel": 0.0,
    "maxBuildableSlopeDelta": 9.069999694824219,
    "buildable": [
        1,
        1,
        0,
        0,
        1,
        1,
        1,
        1,
        1,
        1,
        1,
        1,
        0,
        0,
        1,
        1,
        1,
        1,
        1,
        1,
        1,
        1,
        1,
        0,
        1,
        1,
        1,
        1,
        1,
        1,
        1,
        1,
        1,
        0,
        0,
        1,
        0,
        0,
        1,
        1,
        1,
        1,
        1,
        1,
        1,
        1,
        1,
        0,
        0,
        0,
        0,
        1,
        1,
        1,
        1,
        1,
        1,
        1,
        1,
        1,
        0,
        1,
        1,
        1,
        1,
        1,
        1,
        1,
        1,
        1,
        1,
        1,
        1,
        1,
        1,
        0,
        1,
        1,
        1,
        1,
        1,
        1,
        1,
        1,
        1,
        1,
        1,
        1,
        1,
        1,
        1,
        1,
        1,
        1,
        1,
        1,
        0,
        0,
        0,
        0
    ],
    "heights": [
        1.5741357803344727,
        0.009803025051951409,
        -5.73255729675293,
        -42.13261795043945,
        0.00021551021200139076,
        0.0012871058424934745,
        0.0006957909208722413,
        0.000020222596504027024,
        0.03778364881873131,
        4.175739288330078,
        0.07612217962741852,
        0.0002440182288410142,
        -121.99309539794922,
        -59.06390380859375,
        0.1780083328485489,
        0.9301860928535461,
        0.2994356155395508,
        0.06791684776544571,
        10.414113998413086,
        114.41390991210938,
        3.3744184970855715,
        0.23599451780319215,
        2.4148141619662058e-7,
        -105.25007629394531,
        0.0006453866371884942,
        0.059523798525333408,
        0.003614656627178192,
        0.0005827132845297456,
        1.5059304237365723,
        17.29749298095703,
        10.940799713134766,
        3.7387607097625734,
        0.11936113238334656,
        -75.54887390136719,
        -19.42571258544922,
        0.003323434619233012,
        -0.42732515931129458,
        -139.46487426757813,
        0.000005373795374907786,
        0.010672608390450478,
        0.000040679940866539255,
        0.08333113044500351,
        0.5723153352737427,
        0.00014783574442844838,
        0.000003560588538675802,
        0.06445325911045075,
        0.0014201736776158214,
        -49.19371795654297,
        -10.972620964050293,
        -26.515823364257814,
        -70.67778015136719,
        0.002070111222565174,
        0.11331687122583389,
        0.004238293040543795,
        0.002255046973004937,
        0.7553744912147522,
        3.575911521911621,
        0.1420004814863205,
        0.004136328119784594,
        0.000008937511665862985,
        -1.5145339965820313,
        0.07638641446828842,
        2.1364986896514894,
        0.06752447038888931,
        0.000017738118913257495,
        0.03148594871163368,
        1.8420345783233643,
        13.201634407043457,
        10.077167510986329,
        0.025233933702111245,
        0.5668744444847107,
        2.4121739864349367,
        1.9597288370132447,
        0.18857289850711823,
        0.00012093738769181073,
        -4.791778087615967,
        0.013868452049791813,
        4.19814395904541,
        5.827840328216553,
        2.276092529296875,
        1.07492196559906,
        0.0040359338745474819,
        0.0819786787033081,
        6.4163618087768559,
        0.1864805817604065,
        0.00004199201430310495,
        0.00008015285857254639,
        0.024943307042121888,
        0.002540295710787177,
        0.0035378574393689634,
        0.0006920129526406527,
        2.4453578362226838e-7,
        0.0005085389129817486,
        8.635772705078125,
        9.23156452178955,
        0.004384743515402079,
        -10.274088859558106,
        -89.84463500976563,
        -45.84783172607422,
        -1.5006345510482789
    ]
}