{
    "version": 1,
    "layoutName": "terrain_seed_6_grid_10",
    "terrainSeed": 6,
    "gridSize": 10,
    "terrainWidth": 1000,
    "terrainHeight": 1000,
    "seaLevel": 0.0,
    "maxBuildableSlopeDelta": 9.069999694824219,
    "buildable": [
        0,
        1,
        1,
        0,
        1,
        1,
        1,
        1,
        1,
        1,
        0,
        1,
        1,
        1,
        1,
        1,
        1,
        1,
        1,
        1,
        1,
        1,
        1,
        1,
        1,
        1,
        1,
        1,
        1,
        1,
        1,
        1,
        1,
        1,
        1,
        1,
        1,
        1,
        1,
        1,
        1,
        1,
        1,
        1,
        1,
        1,
        1,
        1,
        1,
        1,
        1,
        1,
        1,
        1,
        1,
        1,
        1,
        1,
        1,
        1,
        0,
        1,
        1,
        1,
        1,
        1,
        1,
        1,
        1,
        0,
        1,
        1,
        1,
        1,
        1,
        1,
        1,
        1,
        1,
        1,
        1,
        1,
        1,
        1,
        1,
        1,
        1,
        1,
        1,
        1,
        1,
        0,
        0,
        1,
        1,
        1,
        1,
        0,
        0,
        1
    ],
    "heights": [
        -51.33924102783203,
        0.02780161425471306,
        12.899688720703125,
        69.02549743652344,
        5.405037879943848,
        0.207971453666687,
        0.0425599031150341,
        8.270009994506836,
        55.85040283203125,
        25.653350830078126,
        -152.04380798339845,
        3.551101315224514e-7,
        0.057450637221336368,
        0.057747434824705127,
        0.2434520721435547,
        1.1518335342407227,
        0.3427278399467468,
        2.7830288410186769,
        23.35709571838379,
        0.5906310081481934,
        1.0361352309473659e-7,
        0.002714263740926981,
        0.44401687383651736,
        0.001493742223829031,
        0.0008793511078692973,
        0.37093791365623476,
        0.006349433213472366,
        0.0008949244511313736,
        0.22098997235298158,
        0.0033009592443704607,
        0.19260665774345399,
        0.04903918504714966,
        0.9420465230941773,
        0.19718264043331147,
        0.34519922733306887,
        1.2401320934295655,
        0.0017446299316361547,
        0.00038324392517097294,
        0.004570723976939917,
        0.006002613343298435,
        1.3584855794906617,
        0.001290427055209875,
        0.000019507622710079886,
        0.2875560522079468,
        3.531834840774536,
        0.18180248141288758,
        1.5433881282806397,
        1.0618188381195069,
        0.023127121850848199,
        0.04824461415410042,
        4.037437915802002,
        0.6772700548171997,
        0.000387260050047189,
        0.08817245811223984,
        0.07246492058038712,
        0.00022863683989271522,
        0.04069146513938904,
        0.09931344538927078,
        2.375300234280786e-10,
        8.960715263128805e-7,
        17.637510299682618,
        23.856367111206056,
        3.40944242477417,
        0.7704823613166809,
        0.004425004590302706,
        8.797913864100338e-8,
        0.014021662063896656,
        0.023883653804659845,
        9.072911172358644e-11,
        -15.497946739196778,
        13.578288078308106,
        13.978713989257813,
        5.906039237976074,
        0.4844799339771271,
        0.36815938353538515,
        0.546758770942688,
        16.388565063476564,
        3.3179666996002199,
        0.00745052145794034,
        0.027647534385323526,
        0.9527048468589783,
        0.0017327340319752694,
        0.0011395519832149149,
        0.02791418507695198,
        0.009164952673017979,
        0.02456875890493393,
        0.5621193051338196,
        0.06388760358095169,
        0.0000016879936310942867,
        0.020581085234880449,
        0.0005389809957705438,
        -70.47380828857422,
        1.4023203425927848e-21,
        0.0008877445361576974,
        0.007453670259565115,
        4.4887084982292438e-7,
        3.643926549390386e-10,
        -63.266357421875,
        -59.90702819824219,
        0.06850241124629975
    ]
}