{
    "version": 1,
    "layoutName": "terrain_seed_82_grid_10",
    "terrainSeed": 82,
    "gridSize": 10,
    "terrainWidth": 1000,
    "terrainHeight": 1000,
    "seaLevel": 0.0,
    "maxBuildableSlopeDelta": 9.069999694824219,
    "buildable": [
        0,
        1,
        1,
        1,
        1,
        1,
        1,
        1,
        1,
        1,
        0,
        0,
        1,
        1,
        1,
        1,
        1,
        1,
        1,
        1,
        1,
        1,
        1,
        1,
        1,
        1,
        1,
        1,
        1,
        0,
        1,
        1,
        1,
        1,
        0,
        0,
        1,
        1,
        1,
        1,
        1,
        1,
        1,
        1,
        0,
        1,
        1,
        1,
        1,
        1,
        1,
        1,
        1,
        1,
        1,
        1,
        1,
        1,
        1,
        1,
        1,
        1,
        1,
        1,
        0,
        1,
        1,
        1,
        1,
        1,
        1,
        1,
        1,
        0,
        1,
        1,
        1,
        1,
        1,
        1,
        1,
        1,
        1,
        1,
        1,
        1,
        0,
        1,
        1,
        1,
        1,
        1,
        0,
        0,
        0,
        1,
        0,
        1,
        1,
        1
    ],
    "heights": [
        -198.9271240234375,
        0.00000214697138289921,
        0.17849679291248322,
        0.15767133235931397,
        0.004536271560937166,
        0.005125388968735933,
        0.000012473065908125136,
        0.017270304262638093,
        3.285878896713257,
        0.05389785021543503,
        -16.713703155517579,
        -7.334677219390869,
        0.0632137730717659,
        2.0924577713012697,
        0.7041552066802979,
        0.11424652487039566,
        0.0000017086990737880115,
        0.00001576881913933903,
        0.5664451718330383,
        4.498257160186768,
        0.037047065794467929,
        0.01755964383482933,
        4.626233100891113,
        2.669182062149048,
        0.1402575820684433,
        0.006275998428463936,
        0.000006133156603027601,
        0.007529126014560461,
        7.7956976890563969,
        59.29713439941406,
        1.1676610708236695,
        1.7732131481170655,
        40.99458312988281,
        0.0824916884303093,
        -59.82079315185547,
        -45.34316635131836,
        0.0008591899531893432,
        11.659196853637696,
        102.90091705322266,
        11.602814674377442,
        0.04305311664938927,
        0.05944547429680824,
        4.230050086975098,
        0.10462287068367005,
        -44.32176208496094,
        9.791261135205787e-10,
        0.07698892056941986,
        10.000129699707032,
        7.650378704071045,
        0.00007886589446570724,
        0.012356669642031193,
        0.00354015757329762,
        2.404052734375,
        3.2749969959259035,
        0.37735483050346377,
        0.029599053785204889,
        0.055420707911252978,
        0.030463293194770814,
        0.011884349398314953,
        0.000032130181352840737,
        0.07133233547210694,
        0.3346674144268036,
        10.782769203186036,
        36.26686096191406,
        42.272342681884769,
        20.685020446777345,
        0.024693235754966737,
        0.000004499730493989773,
        3.088268130113647e-8,
        8.839825937911883e-8,
        0.020707402378320695,
        3.168461799621582,
        2.815286874771118,
        29.984819412231447,
        7.976260185241699,
        5.48661470413208,
        0.0000034848678751586705,
        0.00023732319823466241,
        0.014929139986634255,
        0.00017337052850052714,
        2.2226423368465476e-7,
        0.035398706793785098,
        0.023934554308652879,
        0.008912655524909497,
        0.053643155843019488,
        0.023051291704177858,
        -3.205146312713623,
        0.014479611068964005,
        1.9240134954452515,
        0.04342406615614891,
        0.002527194796130061,
        0.000018041590010398068,
        -18.70903205871582,
        -15.889806747436524,
        -5.97121524810791,
        1.5926887897421694e-7,
        -8.529668807983399,
        3.5764751160627385e-9,
        0.15113011002540589,
        0.45529136061668398
    ]
}