{
    "version": 1,
    "layoutName": "terrain_seed_3_grid_10",
    "terrainSeed": 3,
    "gridSize": 10,
    "terrainWidth": 1000,
    "terrainHeight": 1000,
    "seaLevel": 0.0,
    "maxBuildableSlopeDelta": 9.069999694824219,
    "buildable": [
        1,
        0,
        0,
        1,
        1,
        0,
        1,
        1,
        1,
        1,
        1,
        1,
        0,
        0,
        1,
        1,
        1,
        1,
        1,
        1,
        1,
        1,
        1,
        0,
        1,
        1,
        1,
        1,
        1,
        1,
        1,
        1,
        1,
        1,
        1,
        1,
        1,
        1,
        1,
        1,
        1,
        1,
        1,
        1,
        1,
        1,
        1,
        1,
        1,
        1,
        1,
        1,
        1,
        1,
        1,
        1,
        1,
        1,
        1,
        1,
        1,
        1,
        0,
        1,
        1,
        1,
        1,
        1,
        1,
        1,
        1,
        1,
        0,
        1,
        1,
        1,
        1,
        1,
        1,
        1,
        1,
        1,
        1,
        1,
        1,
        1,
        1,
        1,
        1,
        1,
        1,
        1,
        1,
        1,
        1,
        1,
        0,
        0,
        0,
        0
    ],
    "heights": [
        0.1621885746717453,
        -2.0105905532836916,
        -65.76403045654297,
        1.2981609120998883e-9,
        0.1613246500492096,
        41.44550704956055,
        102.55645751953125,
        26.43592643737793,
        1.4897615909576417,
        0.0003786682791542262,
        2.219571352005005,
        0.0000048242200136883188,
        -117.8178939819336,
        -111.60262298583985,
        0.047152187675237659,
        6.931204795837402,
        89.59410095214844,
        25.760133743286134,
        0.2388068288564682,
        0.000002441286142129684,
        27.488985061645509,
        0.36473408341407778,
        0.000006853714239696274,
        -28.509885787963868,
        0.0003258713986724615,
        3.642549991607666,
        13.982797622680664,
        0.26163023710250857,
        0.000016222847989411093,
        0.00006119623867562041,
        31.984420776367189,
        9.810184478759766,
        0.041155021637678149,
        0.00018249441927764565,
        0.19826318323612214,
        5.3685197830200199,
        8.31863021850586,
        0.038539350032806399,
        0.00012831769709009677,
        0.06105338782072067,
        3.2269511222839357,
        0.9973059296607971,
        0.0021236452739685776,
        0.012155422009527684,
        1.0193533897399903,
        1.6231966018676758,
        1.1632626056671143,
        0.5872820615768433,
        0.6895906329154968,
        3.0565268993377687,
        3.110320806503296,
        0.11665039509534836,
        0.00020386159303598106,
        0.000001267260586246266,
        0.008044297806918621,
        0.014592149294912815,
        0.028268305584788324,
        0.037253573536872867,
        0.025540808215737344,
        1.3326987028121949,
        0.7409937977790833,
        0.012784781865775586,
        -3.278550624847412,
        1.1500803087649558e-10,
        0.0000011073558425778174,
        1.8752717778625084e-7,
        0.000006787089205317898,
        0.0019889678806066515,
        0.030304981395602227,
        0.02314777486026287,
        0.009256121702492237,
        0.000038177164242370054,
        -9.51534366607666,
        0.00007722802547505125,
        0.01042917836457491,
        4.3518908476869459e-9,
        0.000912825926207006,
        0.2978135645389557,
        0.03187912330031395,
        0.0000034575502922962188,
        0.3153635263442993,
        0.24900050461292268,
        0.0034015050623565914,
        0.3466584086418152,
        0.30383768677711489,
        0.00001077120759873651,
        0.0000025905476377374727,
        0.034601811319589618,
        0.01041603833436966,
        0.000008586582225689199,
        0.45421916246414187,
        4.214566707611084,
        0.7733661532402039,
        0.06205879524350166,
        0.007654927205294371,
        4.629659855481805e-8,
        -17.92967987060547,
        -52.60963821411133,
        -61.0444221496582,
        -9.400583267211914
    ]
}