{
    "version": 1,
    "layoutName": "terrain_seed_88_grid_10",
    "terrainSeed": 88,
    "gridSize": 10,
    "terrainWidth": 1000,
    "terrainHeight": 1000,
    "seaLevel": 0.0,
    "maxBuildableSlopeDelta": 9.069999694824219,
    "buildable": [
        1,
        1,
        1,
        1,
        1,
        1,
        1,
        1,
        1,
        1,
        1,
        1,
        1,
        0,
        1,
        1,
        1,
        1,
        1,
        1,
        1,
        1,
        1,
        0,
        1,
        1,
        1,
        1,
        1,
        1,
        1,
        1,
        1,
        0,
        1,
        1,
        0,
        1,
        1,
        1,
        1,
        1,
        1,
        1,
        1,
        1,
        0,
        1,
        1,
        1,
        1,
        1,
        1,
        1,
        1,
        1,
        1,
        1,
        1,
        0,
        1,
        1,
        1,
        0,
        0,
        1,
        1,
        1,
        1,
        0,
        1,
        1,
        1,
        0,
        0,
        1,
        1,
        1,
        1,
        0,
        1,
        1,
        1,
        0,
        1,
        1,
        1,
        1,
        1,
        1,
        1,
        1,
        1,
        1,
        1,
        1,
        1,
        1,
        1,
        1
    ],
    "heights": [
        1.1300622304588615e-7,
        0.027637749910354615,
        5.174829483032227,
        2.748584747314453,
        0.0041610971093177799,
        0.00002085621963487938,
        0.024667423218488694,
        5.40239953994751,
        14.82279109954834,
        12.347864151000977,
        0.0012986137298867107,
        0.06728239357471466,
        8.849228858947754,
        31.64923095703125,
        0.5238358378410339,
        0.0008592238300479949,
        0.17328733205795289,
        3.3368639945983888,
        0.2256925106048584,
        0.9097517132759094,
        0.1398579329252243,
        0.056916892528533939,
        12.057913780212403,
        98.77140045166016,
        2.088334560394287,
        0.007364998571574688,
        1.2446143627166749,
        0.6258376240730286,
        0.0007744869799353182,
        0.0008403629180975258,
        4.992734909057617,
        0.21801118552684785,
        2.26556658744812,
        33.51533508300781,
        5.370577335357666,
        2.1502957344055177,
        15.199151039123536,
        13.394292831420899,
        0.021782703697681428,
        1.3995427039503739e-8,
        17.543609619140626,
        0.5998580455780029,
        0.047760091722011569,
        0.4367228150367737,
        6.708959579467773,
        24.80245590209961,
        65.385009765625,
        20.951173782348634,
        0.10645949095487595,
        4.930439767925585e-20,
        10.732409477233887,
        1.285351276397705,
        0.0015443178126588464,
        0.000705876387655735,
        0.0985550805926323,
        0.3633769452571869,
        15.884230613708496,
        0.7044581174850464,
        0.0000058393434301251549,
        -30.203336715698243,
        0.9110806584358215,
        1.2860199213027955,
        0.0001451677962904796,
        -121.66510009765625,
        -0.03239508345723152,
        0.000004769560746353818,
        0.432400107383728,
        0.14064867794513703,
        0.00000633818808637443,
        -43.624595642089847,
        3.204728364944458,
        1.381321668624878,
        8.16207432308147e-7,
        -188.1982879638672,
        -2.9349117279052736,
        0.040505364537239078,
        3.6909782886505129,
        2.101109027862549,
        0.316317617893219,
        1.9461481512157535e-14,
        6.7439446449279789,
        0.8379601240158081,
        0.002140551572665572,
        -28.06426239013672,
        0.018124759197235109,
        11.289724349975586,
        3.393000364303589,
        0.12796536087989808,
        0.05218406021595001,
        0.0006250638398341835,
        41.37213897705078,
        1.231476902961731,
        0.00002752372165559791,
        2.6407455777643919e-8,
        0.3747822046279907,
        22.440980911254884,
        12.99352741241455,
        0.0462779738008976,
        0.013587083667516709,
        0.2762232720851898
    ]
}