{
    "version": 1,
    "layoutName": "terrain_seed_33_grid_10",
    "terrainSeed": 33,
    "gridSize": 10,
    "terrainWidth": 1000,
    "terrainHeight": 1000,
    "seaLevel": 0.0,
    "maxBuildableSlopeDelta": 9.069999694824219,
    "buildable": [
        1,
        1,
        1,
        1,
        1,
        1,
        1,
        1,
        1,
        1,
        1,
        1,
        1,
        1,
        1,
        1,
        0,
        1,
        1,
        1,
        1,
        1,
        1,
        1,
        1,
        1,
        1,
        1,
        1,
        1,
        1,
        1,
        1,
        1,
        1,
        0,
        1,
        1,
        1,
        1,
        1,
        1,
        1,
        1,
        1,
        0,
        0,
        1,
        1,
        1,
        1,
        1,
        1,
        1,
        1,
        1,
        1,
        1,
        1,
        1,
        1,
        1,
        1,
        1,
        1,
        1,
        1,
        1,
        1,
        0,
        1,
        1,
        1,
        1,
        1,
        1,
        1,
        1,
        0,
        0,
        1,
        1,
        1,
        1,
        1,
        1,
        1,
        1,
        1,
        1,
        1,
        1,
        1,
        1,
        1,
        1,
        1,
        1,
        1,
        1
    ],
    "heights": [
        0.5384601354598999,
        0.20929919183254243,
        0.08570488542318344,
        8.333908563251669e-10,
        0.00041098514338955283,
        2.362056255340576,
        77.01048278808594,
        8.156394958496094,
        0.6329908967018127,
        0.05282256752252579,
        0.25211048126220705,
        6.475525856018066,
        2.2151222229003908,
        0.00629245163872838,
        0.04298222064971924,
        5.489349365234375,
        55.923763275146487,
        14.086000442504883,
        11.720479965209961,
        6.362905502319336,
        0.015520521439611912,
        0.5325397253036499,
        0.15067705512046815,
        0.007466819137334824,
        0.2709897458553314,
        15.196549415588379,
        6.947012901306152,
        1.1595402956008912,
        1.516579508781433,
        19.988969802856447,
        0.013348720967769623,
        0.25341513752937319,
        0.13735590875148774,
        0.011966251768171788,
        2.7964494228363039,
        26.792394638061525,
        10.124056816101075,
        0.22163408994674684,
        1.0410746335983277,
        92.6842041015625,
        4.250707626342773,
        6.931254863739014,
        2.2740206718444826,
        0.45591339468955996,
        12.839202880859375,
        62.35846710205078,
        95.52559661865235,
        4.4757490158081059,
        10.361978530883789,
        35.887657165527347,
        7.384440898895264,
        1.368627905845642,
        0.44398245215415957,
        0.008106054738163948,
        0.10384756326675415,
        11.951167106628418,
        9.988588333129883,
        0.28015559911727908,
        0.7326433658599854,
        0.44141674041748049,
        6.502690315246582,
        0.20423640310764314,
        0.03164539113640785,
        0.0005181317683309317,
        0.00221813702955842,
        0.02027994394302368,
        0.06135579198598862,
        0.00022606573475059122,
        7.055253377075132e-7,
        -1.442452073097229,
        19.87190055847168,
        6.095086574554443,
        9.575900077819825,
        7.766625881195068,
        0.7018126845359802,
        0.02260066196322441,
        0.0803232192993164,
        0.02559529058635235,
        1.4890465947479186e-19,
        -166.73876953125,
        7.394027233123779,
        0.3698032796382904,
        1.4415662288665772,
        21.140819549560548,
        4.69855260848999,
        0.04653563350439072,
        1.6882377862930298,
        5.884369850158691,
        0.01956234499812126,
        0.0000063257857618737038,
        2.942095994949341,
        0.3714415729045868,
        0.45557713508605959,
        0.35148969292640688,
        0.07992062717676163,
        0.07817703485488892,
        3.5715980529785158,
        11.443082809448243,
        0.5609040260314941,
        0.3939870297908783
    ]
}