{
    "version": 1,
    "layoutName": "terrain_seed_73_grid_10",
    "terrainSeed": 73,
    "gridSize": 10,
    "terrainWidth": 1000,
    "terrainHeight": 1000,
    "seaLevel": 0.0,
    "maxBuildableSlopeDelta": 9.069999694824219,
    "buildable": [
        1,
        1,
        1,
        1,
        1,
        1,
        0,
        1,
        1,
        1,
        1,
        1,
        1,
        1,
        1,
        1,
        0,
        1,
        1,
        1,
        1,
        1,
        1,
        1,
        1,
        1,
        0,
        1,
        1,
        1,
        1,
        1,
        1,
        0,
        1,
        1,
        1,
        1,
        1,
        1,
        1,
        1,
        1,
        1,
        1,
        1,
        1,
        1,
        1,
        1,
        1,
        1,
        1,
        1,
        1,
        1,
        0,
        1,
        1,
        1,
        1,
        1,
        1,
        1,
        1,
        0,
        0,
        0,
        1,
        1,
        1,
        1,
        1,
        1,
        1,
        1,
        1,
        1,
        0,
        0,
        1,
        1,
        1,
        1,
        1,
        1,
        1,
        1,
        1,
        0,
        1,
        1,
        1,
        1,
        1,
        1,
        1,
        1,
        1,
        1
    ],
    "heights": [
        0.001005041180178523,
        0.00009003547893371433,
        0.3794766664505005,
        13.543935775756836,
        2.4997658729553224,
        0.0003944910713471472,
        -1.026656985282898,
        3.5835270750794736e-7,
        0.0018136606086045504,
        1.3637995719909669,
        3.3778340124968055e-9,
        0.00010294632375007495,
        0.010534560307860375,
        0.7588281035423279,
        0.062039609998464587,
        3.859513542092685e-10,
        -58.866188049316409,
        0.00020187867630738765,
        0.38584595918655398,
        0.28984904289245608,
        0.0016797472489997745,
        0.13470973074436189,
        0.24207673966884614,
        6.541756629943848,
        0.8906671404838562,
        0.00012111036630813032,
        -5.20158576965332,
        0.007862530648708344,
        2.2676429748535158,
        2.2712788581848146,
        3.0924735069274904,
        3.905994415283203,
        5.722570896148682,
        77.61795806884766,
        29.63323974609375,
        0.40383708477020266,
        0.0026516797952353956,
        0.34517550468444826,
        7.49633264541626,
        3.281229257583618,
        13.048870086669922,
        1.034318447113037,
        0.12087319046258927,
        6.280723571777344,
        14.650863647460938,
        0.446919709444046,
        0.001032116822898388,
        1.2257109880447388,
        7.133970737457275,
        0.13910594582557679,
        2.507572650909424,
        0.5126211643218994,
        0.0010197287192568184,
        0.5500147938728333,
        0.12920229136943818,
        0.00011824842658825219,
        -58.21497344970703,
        0.0021486650221049787,
        1.0997294187545777,
        0.011769958771765232,
        0.2875158488750458,
        0.5160543322563171,
        0.10261105746030808,
        0.025380542501807214,
        0.0008768392726778984,
        -53.228843688964847,
        -153.4000244140625,
        -41.14467239379883,
        4.854327926295809e-7,
        0.013205467723309994,
        0.017056189477443696,
        0.016954196617007257,
        0.5720912218093872,
        7.929131031036377,
        0.19554482400417329,
        0.00003479184670140967,
        0.000004203342086839257,
        0.00006834488885942847,
        -28.42730712890625,
        -9.399737358093262,
        0.030076764523983,
        0.032228972762823108,
        7.0134172439575199,
        17.673084259033204,
        0.39884892106056216,
        0.0062502045184373859,
        0.10512636601924896,
        0.32344359159469607,
        0.00001843603968154639,
        -2.549471855163574,
        0.07735460251569748,
        0.0001465775421820581,
        0.14508238434791566,
        6.385552883148193,
        4.56143856048584,
        0.08785011619329453,
        2.338644504547119,
        3.179643154144287,
        0.2883718013763428,
        8.535415645383182e-7
    ]
}