{
    "version": 1,
    "layoutName": "terrain_seed_11_grid_10",
    "terrainSeed": 11,
    "gridSize": 10,
    "terrainWidth": 1000,
    "terrainHeight": 1000,
    "seaLevel": 0.0,
    "maxBuildableSlopeDelta": 9.069999694824219,
    "buildable": [
        1,
        1,
        1,
        0,
        0,
        0,
        1,
        1,
        1,
        1,
        0,
        1,
        1,
        0,
        0,
        1,
        1,
        1,
        1,
        1,
        1,
        1,
        1,
        1,
        1,
        1,
        1,
        1,
        1,
        1,
        1,
        1,
        1,
        1,
        1,
        1,
        1,
        1,
        1,
        1,
        1,
        1,
        1,
        1,
        1,
        1,
        1,
        1,
        1,
        1,
        1,
        1,
        1,
        1,
        1,
        1,
        1,
        1,
        1,
        1,
        1,
        1,
        1,
        0,
        0,
        1,
        1,
        0,
        0,
        1,
        0,
        1,
        1,
        1,
        1,
        1,
        1,
        1,
        0,
        0,
        0,
        1,
        1,
        1,
        1,
        1,
        1,
        1,
        1,
        1,
        0,
        0,
        1,
        1,
        1,
        0,
        0,
        1,
        1,
        1
    ],
    "heights": [
        0.009630203247070313,
        0.27214255928993227,
        0.002843481255695224,
        -49.63543701171875,
        -37.77476119995117,
        -42.352176666259769,
        0.6136926412582398,
        1.16915762424469,
        0.05545351654291153,
        0.39762765169143679,
        -3.205578565597534,
        0.0010171708418056369,
        0.00004383542909636162,
        -6.512242794036865,
        -44.347713470458987,
        3.421727623464932e-10,
        0.014704577624797821,
        1.896714210510254,
        2.21693754196167,
        7.554090976715088,
        0.000027939393476117402,
        0.04194029048085213,
        0.02774505317211151,
        0.036570075899362567,
        0.02367331273853779,
        0.13279381394386292,
        0.004157038871198893,
        0.013510744087398053,
        0.04518774524331093,
        1.7805029153823853,
        0.3364686369895935,
        12.145394325256348,
        13.016094207763672,
        5.474703788757324,
        7.422049045562744,
        19.944679260253908,
        0.36261850595474245,
        0.000228384742513299,
        0.004458634648472071,
        0.20262663066387177,
        0.5531519651412964,
        5.216282844543457,
        4.156386852264404,
        0.4277282655239105,
        2.2667396068573,
        32.2329216003418,
        14.09056282043457,
        0.16564470529556275,
        0.42049530148506167,
        0.43201324343681338,
        0.012722630053758622,
        0.017048930749297143,
        0.0027339693624526264,
        1.4819856453129888e-10,
        0.000053062121878610924,
        0.179255872964859,
        0.4375266134738922,
        0.032084643840789798,
        0.13329583406448365,
        3.231414556503296,
        0.00047077066847123206,
        0.000606041750870645,
        0.0010196517687290907,
        -50.10630798339844,
        -9.986103057861329,
        0.007588136475533247,
        0.0030831503681838514,
        -43.220149993896487,
        -10.432476997375489,
        0.04289938881993294,
        -7.897207260131836,
        0.16658230125904084,
        2.9625015258789064,
        0.000019584462279453874,
        0.0000040463387449563019,
        0.19608241319656373,
        0.4273863434791565,
        3.5014485888495985e-7,
        -192.599609375,
        -56.43846130371094,
        -133.4726104736328,
        0.0006592645077034831,
        0.20124562084674836,
        0.00621460797265172,
        0.0028267884626984598,
        4.340609550476074,
        27.89540672302246,
        0.49885058403015139,
        0.0001883671066025272,
        0.00040908364462666214,
        -51.16400146484375,
        -7.551922798156738,
        0.002106049098074436,
        0.009911984205245972,
        0.14598338305950166,
        11.20660400390625,
        137.634765625,
        14.961503028869629,
        4.70524263381958,
        2.96732234954834
    ]
}