{
    "version": 1,
    "layoutName": "terrain_seed_90_grid_10",
    "terrainSeed": 90,
    "gridSize": 10,
    "terrainWidth": 1000,
    "terrainHeight": 1000,
    "seaLevel": 0.0,
    "maxBuildableSlopeDelta": 9.069999694824219,
    "buildable": [
        1,
        1,
        1,
        0,
        1,
        1,
        1,
        1,
        1,
        0,
        1,
        1,
        1,
        0,
        0,
        1,
        1,
        1,
        1,
        1,
        1,
        1,
        1,
        1,
        1,
        1,
        1,
        1,
        1,
        1,
        1,
        1,
        1,
        1,
        0,
        0,
        1,
        1,
        1,
        1,
        1,
        1,
        1,
        1,
        1,
        1,
        1,
        1,
        1,
        1,
        0,
        1,
        1,
        1,
        1,
        1,
        1,
        1,
        1,
        1,
        1,
        1,
        0,
        1,
        1,
        0,
        1,
        1,
        1,
        0,
        1,
        1,
        1,
        1,
        1,
        1,
        1,
        1,
        1,
        1,
        1,
        1,
        0,
        0,
        1,
        1,
        1,
        1,
        1,
        1,
        1,
        1,
        1,
        1,
        1,
        1,
        1,
        1,
        1,
        1
    ],
    "heights": [
        0.17564888298511506,
        0.022078152745962144,
        1.9006934692811229e-8,
        -223.7997283935547,
        0.0000011795559657912236,
        0.03141181543469429,
        0.1463283896446228,
        0.4146457612514496,
        15.099560737609864,
        58.41714096069336,
        1.800553321838379,
        1.6137275695800782,
        0.08863629400730133,
        -0.7585222721099854,
        -10.328449249267579,
        0.04772796481847763,
        1.9369282722473145,
        5.240059852600098,
        15.011069297790528,
        26.97699546813965,
        2.2837817668914797,
        0.029854563996195794,
        0.006319384556263685,
        0.00004120963058085181,
        0.006333399564027786,
        6.15703010559082,
        3.342182159423828,
        0.016173554584383966,
        0.1294642984867096,
        4.9658074378967289,
        5.044304370880127,
        0.008804397657513619,
        0.000311754149151966,
        0.02833591215312481,
        25.20423126220703,
        87.52163696289063,
        8.183003425598145,
        0.0019248741446062923,
        0.01209184154868126,
        2.7244441509246828,
        40.544742584228519,
        2.106961488723755,
        0.02532440796494484,
        0.16854645311832429,
        8.636533737182618,
        15.161559104919434,
        4.030792713165283,
        2.378124713897705,
        0.41449499130249026,
        0.12035325169563294,
        33.483062744140628,
        0.4400835335254669,
        0.0000031374952413898429,
        2.0683216916950188e-7,
        0.09206753969192505,
        0.029836265370249749,
        0.07007934898138046,
        0.057405028492212298,
        0.0010699137346819044,
        0.0000010435121566843009,
        13.300052642822266,
        0.0000068083986661804378,
        -12.663450241088868,
        0.0000014578029094991508,
        7.46926929195979e-8,
        -1.5794920921325684,
        0.0007583260303363204,
        0.007986759766936303,
        0.0000659700672258623,
        -120.74812316894531,
        0.0012089475058019162,
        0.0011115844827145339,
        0.2504448890686035,
        10.682831764221192,
        0.06567225605249405,
        5.596647838501667e-7,
        0.008429543115198613,
        1.0150599479675294,
        0.12988190352916718,
        0.0000013120906032781932,
        6.936026863968437e-8,
        0.002910737181082368,
        10.652787208557129,
        35.254417419433597,
        0.47385722398757937,
        0.0012304892297834159,
        0.00010071521683130413,
        0.010898564010858536,
        0.005935389548540115,
        0.000004104981599084567,
        1.7772716631725417e-8,
        0.030953755602240564,
        1.348819375038147,
        15.72675895690918,
        6.615795135498047,
        0.03385118395090103,
        0.0012566755758598447,
        0.004795603454113007,
        0.006937102880328894,
        0.00109646946657449
    ]
}