{
    "version": 1,
    "layoutName": "terrain_seed_74_grid_10",
    "terrainSeed": 74,
    "gridSize": 10,
    "terrainWidth": 1000,
    "terrainHeight": 1000,
    "seaLevel": 0.0,
    "maxBuildableSlopeDelta": 9.069999694824219,
    "buildable": [
        1,
        0,
        1,
        1,
        1,
        1,
        1,
        1,
        1,
        1,
        1,
        0,
        1,
        1,
        1,
        1,
        1,
        1,
        1,
        1,
        1,
        1,
        1,
        0,
        1,
        1,
        1,
        1,
        1,
        1,
        1,
        1,
        0,
        0,
        0,
        1,
        1,
        1,
        1,
        1,
        1,
        1,
        1,
        1,
        1,
        0,
        0,
        1,
        1,
        1,
        1,
        1,
        1,
        1,
        1,
        1,
        0,
        1,
        1,
        1,
        1,
        1,
        1,
        1,
        1,
        1,
        1,
        1,
        1,
        1,
        1,
        1,
        1,
        1,
        1,
        1,
        1,
        1,
        1,
        1,
        1,
        1,
        1,
        1,
        1,
        1,
        1,
        1,
        1,
        1,
        1,
        1,
        1,
        1,
        1,
        1,
        1,
        1,
        1,
        0
    ],
    "heights": [
        149.9281768798828,
        112.08269500732422,
        1.3653618097305298,
        0.0032470403239130975,
        0.6042033433914185,
        17.579660415649415,
        4.70120096206665,
        1.411159634590149,
        1.2994614839553834,
        0.33221185207366946,
        18.303956985473634,
        33.696685791015628,
        0.8319624066352844,
        0.0020926431752741338,
        1.208316445350647,
        20.144115447998048,
        0.16342806816101075,
        0.0037646242417395117,
        0.4525165259838104,
        4.550212383270264,
        0.36725690960884097,
        0.6064696311950684,
        0.000025516515961498953,
        -50.324851989746097,
        0.006562826223671436,
        2.3145644664764406,
        0.11097884178161621,
        0.056983523070812228,
        5.646644115447998,
        3.228890895843506,
        0.17849457263946534,
        0.003912183456122875,
        -51.25913619995117,
        -228.0,
        -4.468934535980225,
        0.000006545667929458432,
        0.023604847490787507,
        1.581760048866272,
        40.6578254699707,
        0.5227382779121399,
        19.087860107421876,
        0.09830485284328461,
        0.0005112853250466287,
        0.000011414182154112495,
        0.00031859861337579787,
        -74.27933502197266,
        -14.460451126098633,
        0.5886632800102234,
        6.005346298217773,
        0.17781567573547364,
        72.1460952758789,
        1.8982882499694825,
        0.0024363617412745954,
        0.4502076506614685,
        1.4635512828826905,
        0.0007868787506595254,
        -21.52298927307129,
        0.034224819391965869,
        6.849231243133545,
        5.471713542938232,
        10.159819602966309,
        2.220700740814209,
        0.5624045729637146,
        6.937610626220703,
        11.155787467956543,
        0.8720250725746155,
        0.0001388539094477892,
        0.002612586133182049,
        0.3360542953014374,
        4.458498001098633,
        0.1734306365251541,
        11.718300819396973,
        1.6586172580718995,
        0.0427701398730278,
        0.7930951118469238,
        1.871403694152832,
        0.11966921389102936,
        0.000026221745429211296,
        0.010211420245468617,
        0.6486743092536926,
        0.00018368045857641846,
        0.08667102456092835,
        0.031178252771496774,
        0.0010225935839116574,
        0.009545310400426388,
        6.0964274406433109,
        2.589015483856201,
        0.3322991728782654,
        0.48040610551834109,
        16.745765686035158,
        0.0047730738297104839,
        0.010057009756565094,
        0.046028949320316318,
        0.004606185480952263,
        0.028398500755429269,
        2.199864625930786,
        18.12784767150879,
        10.809172630310059,
        10.901884078979493,
        67.86336517333985
    ]
}