{
    "version": 1,
    "layoutName": "terrain_seed_39_grid_10",
    "terrainSeed": 39,
    "gridSize": 10,
    "terrainWidth": 1000,
    "terrainHeight": 1000,
    "seaLevel": 0.0,
    "maxBuildableSlopeDelta": 9.069999694824219,
    "buildable": [
        1,
        0,
        1,
        1,
        1,
        0,
        0,
        0,
        1,
        1,
        1,
        1,
        1,
        1,
        1,
        0,
        0,
        0,
        1,
        1,
        1,
        1,
        1,
        1,
        1,
        1,
        1,
        1,
        1,
        0,
        1,
        1,
        1,
        1,
        1,
        1,
        1,
        1,
        1,
        0,
        1,
        1,
        1,
        1,
        1,
        1,
        1,
        1,
        1,
        1,
        1,
        1,
        1,
        1,
        1,
        1,
        1,
        1,
        1,
        0,
        1,
        1,
        1,
        1,
        1,
        1,
        0,
        1,
        1,
        1,
        1,
        1,
        1,
        1,
        1,
        1,
        0,
        1,
        1,
        1,
        1,
        1,
        1,
        1,
        1,
        1,
        1,
        1,
        1,
        1,
        1,
        1,
        1,
        1,
        1,
        1,
        1,
        1,
        1,
        1
    ],
    "heights": [
        20.52849578857422,
        31.036460876464845,
        5.932328701019287,
        1.0227302312850953,
        0.09695181995630264,
        -5.904900550842285,
        -63.98226547241211,
        9.882900060657635e-15,
        0.0000038025423236831559,
        0.3498511016368866,
        1.0670459270477296,
        15.507076263427735,
        8.140560150146485,
        3.6239047050476076,
        0.034655023366212848,
        -82.10682678222656,
        -189.281494140625,
        -3.253389835357666,
        0.03078148141503334,
        1.3902024030685425,
        0.0005605342448689044,
        0.07134518027305603,
        0.2176065891981125,
        3.3782455921173097,
        1.0781384706497193,
        0.0011583850719034672,
        4.911511822247583e-11,
        0.0703093409538269,
        8.756505966186524,
        45.12461853027344,
        1.1009787526106152e-10,
        0.00009426048200111836,
        0.007445835508406162,
        3.081461191177368,
        10.679768562316895,
        0.6514502763748169,
        0.33861491084098818,
        3.307018756866455,
        20.140762329101564,
        39.48039627075195,
        0.002748938975855708,
        0.0009761763503775001,
        0.1341455727815628,
        0.1479845643043518,
        0.14124776422977448,
        8.004679679870606,
        29.001047134399415,
        1.7618335485458375,
        0.02876873128116131,
        0.0035175280645489694,
        0.045680876821279529,
        0.08333946764469147,
        1.3382537364959717,
        0.050137318670749667,
        0.011305625550448895,
        4.3029584884643559,
        27.902385711669923,
        0.9447047710418701,
        0.000011386911864974536,
        -12.880976676940918,
        0.14278629422187806,
        0.404147207736969,
        6.374152660369873,
        1.2221384048461915,
        0.4024837613105774,
        32.50419998168945,
        66.21858215332031,
        4.962180137634277,
        0.021295085549354554,
        0.004202247131615877,
        0.05423428863286972,
        2.3601608276367189,
        5.461656093597412,
        3.271901845932007,
        4.337514877319336,
        12.303327560424805,
        49.207462310791019,
        11.276823043823243,
        1.0085211992263795,
        5.754646301269531,
        0.0007545392727479339,
        0.09778633713722229,
        0.021581601351499559,
        0.20580095052719117,
        0.0326705276966095,
        0.32015395164489748,
        2.1585779190063478,
        0.3072143793106079,
        0.0021223316434770824,
        0.2892036437988281,
        4.736054215470631e-9,
        2.524580718088476e-11,
        0.00001501894530520076,
        8.825435315884533e-8,
        0.00000737170421416522,
        0.010811861604452134,
        0.2091980278491974,
        0.22177983820438386,
        0.0008180909790098667,
        0.048183321952819827
    ]
}