{
    "version": 1,
    "layoutName": "terrain_seed_42_grid_10",
    "terrainSeed": 42,
    "gridSize": 10,
    "terrainWidth": 1000,
    "terrainHeight": 1000,
    "seaLevel": 0.0,
    "maxBuildableSlopeDelta": 9.069999694824219,
    "buildable": [
        1,
        1,
        1,
        0,
        1,
        1,
        1,
        1,
        1,
        1,
        1,
        1,
        1,
        1,
        1,
        1,
        1,
        1,
        1,
        1,
        1,
        1,
        1,
        1,
        1,
        1,
        1,
        1,
        1,
        1,
        1,
        1,
        1,
        1,
        1,
        1,
        1,
        1,
        1,
        0,
        1,
        1,
        1,
        1,
        1,
        1,
        0,
        1,
        1,
        1,
        1,
        1,
        1,
        1,
        1,
        1,
        0,
        1,
        1,
        1,
        1,
        1,
        1,
        1,
        1,
        1,
        0,
        1,
        1,
        1,
        1,
        1,
        1,
        0,
        1,
        1,
        1,
        1,
        1,
        1,
        1,
        1,
        1,
        0,
        1,
        1,
        1,
        1,
        1,
        1,
        0,
        0,
        1,
        1,
        1,
        1,
        0,
        0,
        1,
        1
    ],
    "heights": [
        0.03531578183174133,
        0.057998836040496829,
        3.3204750593540668e-7,
        -45.87291717529297,
        0.03154778108000755,
        1.6122692823410035,
        1.7424571514129639,
        0.334827184677124,
        6.859864711761475,
        0.04308457672595978,
        1.9358357191085816,
        1.3427844047546387,
        0.2121477723121643,
        0.00005621168020297773,
        0.005306703504174948,
        5.874443054199219,
        13.410239219665528,
        8.38093376159668,
        4.613711357116699,
        0.0015493824612349272,
        0.047280699014663699,
        0.03765058517456055,
        0.00897340476512909,
        0.0000011043468930438394,
        0.0072451806627213959,
        1.9628832340240479,
        5.574563980102539,
        0.022329045459628106,
        0.013884074054658413,
        0.0000018601971305542975,
        0.01698630303144455,
        0.011968226172029972,
        0.002562673296779394,
        0.0000028763092814187987,
        0.06456994265317917,
        0.19958695769309998,
        0.015773795545101167,
        7.404009494393904e-8,
        0.000005578847321885405,
        -41.116756439208987,
        1.9626792669296265,
        5.473415374755859,
        0.05592719838023186,
        0.30017349123954775,
        0.13279208540916444,
        0.004903136286884546,
        -37.770565032958987,
        0.0018935836851596833,
        0.024788184091448785,
        0.000004644944510800997,
        0.22543133795261384,
        0.23712296783924104,
        0.0011194015387445689,
        0.07958751171827316,
        0.9251534342765808,
        0.000021087493223603815,
        -127.93963623046875,
        0.004613583441823721,
        3.0017805099487306,
        0.01322607696056366,
        0.00019944935047533363,
        0.0031736278906464578,
        0.011012304574251175,
        0.7635191679000855,
        1.2529531717300416,
        0.00023387731926050037,
        -2.2535605430603029,
        0.1288311630487442,
        7.408481597900391,
        13.568659782409668,
        0.4308227002620697,
        0.5868859887123108,
        20.00948143005371,
        36.70088195800781,
        0.6877430081367493,
        0.00022017302399035543,
        0.007517269812524319,
        7.3623576164245609,
        12.201932907104493,
        8.09437370300293,
        0.021653292700648309,
        0.00841869693249464,
        2.5202107429504396,
        92.72219848632813,
        0.7725009918212891,
        0.000008992167749966029,
        0.0006289429729804397,
        0.008973304182291031,
        0.018120594322681428,
        0.15691658854484559,
        -14.76282024383545,
        -138.64248657226563,
        0.0001649552141316235,
        9.43700885772705,
        4.791503429412842,
        0.018061529844999315,
        -26.387521743774415,
        -63.6099853515625,
        7.023222536872709e-8,
        0.00020723290799651295
    ]
}