{
    "version": 1,
    "layoutName": "terrain_seed_61_grid_10",
    "terrainSeed": 61,
    "gridSize": 10,
    "terrainWidth": 1000,
    "terrainHeight": 1000,
    "seaLevel": 0.0,
    "maxBuildableSlopeDelta": 9.069999694824219,
    "buildable": [
        0,
        1,
        1,
        1,
        1,
        1,
        0,
        1,
        1,
        1,
        1,
        1,
        1,
        1,
        1,
        1,
        1,
        1,
        1,
        1,
        1,
        1,
        1,
        1,
        1,
        1,
        0,
        1,
        1,
        1,
        1,
        1,
        1,
        1,
        1,
        1,
        0,
        0,
        1,
        1,
        1,
        1,
        0,
        0,
        1,
        1,
        1,
        1,
        1,
        1,
        1,
        1,
        1,
        0,
        1,
        1,
        1,
        1,
        1,
        1,
        1,
        1,
        1,
        1,
        1,
        1,
        1,
        1,
        1,
        1,
        0,
        1,
        1,
        1,
        1,
        1,
        1,
        1,
        1,
        1,
        0,
        1,
        1,
        1,
        1,
        1,
        1,
        1,
        1,
        1,
        1,
        1,
        1,
        1,
        1,
        1,
        1,
        1,
        1,
        1
    ],
    "heights": [
        139.81155395507813,
        11.5576810836792,
        0.14750535786151887,
        2.562712264619904e-10,
        0.000011592340342758689,
        0.018474163487553598,
        26.195629119873048,
        28.648212432861329,
        3.6589128971099855,
        0.0007358540897257626,
        34.250892639160159,
        2.1343538761138918,
        0.014332489110529423,
        0.025583583861589433,
        0.02599352039396763,
        0.00002497678178770002,
        0.004250695928931236,
        6.2070136070251469,
        14.427905082702637,
        0.11665548384189606,
        3.9096908569335939,
        0.6021352410316467,
        0.003886773716658354,
        0.32927730679512026,
        0.549031138420105,
        0.00007232288044178858,
        -80.47206115722656,
        0.005456569604575634,
        0.8826031684875488,
        0.01769716665148735,
        0.264568954706192,
        0.034455910325050357,
        0.0000015043948451420875,
        0.000018221648133476265,
        0.009412421844899655,
        1.7983449174252542e-9,
        -135.4939422607422,
        -89.95127868652344,
        0.000008157601769198664,
        0.00866398960351944,
        0.07847446948289871,
        0.0024075279943645,
        -20.56751823425293,
        -210.44161987304688,
        1.3414866995020703e-9,
        0.003105934476479888,
        0.00032942782854661345,
        2.463156067999961e-10,
        0.000021646928871632554,
        0.08421334624290467,
        0.12135223299264908,
        0.38788512349128725,
        0.000013206745279603638,
        -22.88905906677246,
        0.013987072743475438,
        4.985836029052734,
        5.822652339935303,
        0.23681432008743287,
        0.23976774513721467,
        0.040462907403707507,
        0.06436410546302796,
        7.639838218688965,
        0.5706921219825745,
        0.0025884839706122877,
        2.458247661590576,
        22.84246826171875,
        16.233293533325197,
        0.6513320207595825,
        0.4615857005119324,
        0.00008948341564973816,
        -44.79314041137695,
        0.15315480530261994,
        3.997800350189209,
        0.048311058431863788,
        0.11257568746805191,
        4.46619176864624,
        0.05334632471203804,
        0.004761688411235809,
        0.059000276029109958,
        7.804711117387342e-7,
        -49.0976448059082,
        0.008385719731450081,
        0.6494143605232239,
        0.061716191470623019,
        0.011744524352252484,
        1.6280317306518555,
        0.06134031340479851,
        0.04503672942519188,
        0.9601820707321167,
        0.07438954710960388,
        0.0005749661941081286,
        0.559904932975769,
        3.7887754440307619,
        0.002957500284537673,
        0.00016285399033222347,
        0.05852806195616722,
        0.06663573533296585,
        0.1913626492023468,
        8.503142356872559,
        6.16442346572876
    ]
}