{
    "version": 1,
    "layoutName": "terrain_seed_22_grid_10",
    "terrainSeed": 22,
    "gridSize": 10,
    "terrainWidth": 1000,
    "terrainHeight": 1000,
    "seaLevel": 0.0,
    "maxBuildableSlopeDelta": 9.069999694824219,
    "buildable": [
        1,
        1,
        1,
        1,
        1,
        1,
        1,
        1,
        1,
        1,
        1,
        1,
        1,
        1,
        1,
        1,
        1,
        0,
        1,
        1,
        1,
        1,
        1,
        0,
        1,
        1,
        1,
        1,
        1,
        1,
        1,
        0,
        0,
        0,
        0,
        1,
        1,
        1,
        0,
        0,
        0,
        0,
        1,
        1,
        1,
        1,
        1,
        1,
        1,
        1,
        1,
        1,
        1,
        1,
        1,
        1,
        1,
        1,
        1,
        1,
        1,
        1,
        1,
        1,
        1,
        1,
        0,
        0,
        0,
        0,
        1,
        1,
        1,
        0,
        0,
        1,
        1,
        0,
        0,
        0,
        1,
        1,
        0,
        0,
        1,
        1,
        1,
        1,
        1,
        1,
        0,
        1,
        1,
        1,
        1,
        1,
        1,
        1,
        1,
        1
    ],
    "heights": [
        0.013645018450915814,
        0.09938614815473557,
        1.1035029888153077,
        0.042119067162275317,
        0.0002708283718675375,
        0.016252145171165468,
        0.018642596900463105,
        0.00006488563667517155,
        6.083671877377128e-8,
        0.000058579407777870074,
        0.46209776401519778,
        0.5495755672454834,
        0.6838458180427551,
        0.008429723791778088,
        0.020714368671178819,
        1.299067735671997,
        0.00010700880375225097,
        -5.210748672485352,
        0.0011729372199624777,
        1.2656128406524659,
        0.4270070493221283,
        0.0047437045723199848,
        0.0003558262251317501,
        -4.913839340209961,
        0.0009049596847034991,
        0.06301028281450272,
        0.0023394236341118814,
        0.0015400182455778123,
        1.7092983722686768,
        12.910762786865235,
        0.00048111609066836536,
        -85.23883056640625,
        -23.155277252197267,
        -83.8900146484375,
        -1.2323092222213746,
        0.00004139931115787476,
        0.03372736647725105,
        4.9261345863342289,
        43.49553680419922,
        45.42560577392578,
        -2.2844078540802,
        -55.5368766784668,
        0.00014609268691856414,
        0.25983715057373049,
        0.00030160535243339837,
        1.2492840539835016e-7,
        0.006345675326883793,
        4.827585697174072,
        5.2591657638549809,
        2.7540783882141115,
        0.002332977019250393,
        0.0018610397819429637,
        3.69856333732605,
        26.89535903930664,
        0.039760772138834,
        0.00004368098598206416,
        2.476368798909334e-8,
        0.005991971120238304,
        0.006387302186340094,
        0.012069426476955414,
        1.4753957986831666,
        0.20872008800506593,
        3.0512807369232179,
        0.5824763774871826,
        0.0006668068817816675,
        3.320911545756644e-9,
        -135.70693969726563,
        -54.13839340209961,
        -42.45058822631836,
        -129.610107421875,
        8.28573989868164,
        0.27338913083076479,
        0.0001169258903246373,
        -90.39705657958985,
        -6.143810749053955,
        0.00010255548113491386,
        1.0157064878058009e-7,
        -2.68227219581604,
        -23.931684494018556,
        -0.7905851006507874,
        15.231029510498047,
        0.06072918698191643,
        -6.122927665710449,
        -111.99873352050781,
        0.0038186442106962206,
        0.26927268505096438,
        1.5264919996261597,
        0.04123281314969063,
        0.032221946865320209,
        0.010747890919446946,
        59.28786087036133,
        0.9990648627281189,
        0.00018568107043392956,
        9.958126838682802e-7,
        0.08831289410591126,
        8.270919799804688,
        2.730428457260132,
        0.09807384014129639,
        0.11119381338357926,
        0.765820324420929
    ]
}