{
    "version": 1,
    "layoutName": "terrain_seed_25_grid_10",
    "terrainSeed": 25,
    "gridSize": 10,
    "terrainWidth": 1000,
    "terrainHeight": 1000,
    "seaLevel": 0.0,
    "maxBuildableSlopeDelta": 9.069999694824219,
    "buildable": [
        1,
        1,
        1,
        1,
        1,
        1,
        1,
        1,
        1,
        0,
        1,
        1,
        1,
        0,
        1,
        1,
        1,
        1,
        1,
        1,
        0,
        1,
        1,
        0,
        1,
        1,
        1,
        1,
        1,
        1,
        1,
        1,
        1,
        1,
        1,
        1,
        1,
        1,
        1,
        1,
        1,
        1,
        1,
        1,
        1,
        1,
        1,
        1,
        1,
        1,
        1,
        1,
        1,
        1,
        1,
        1,
        0,
        1,
        1,
        1,
        1,
        1,
        1,
        1,
        1,
        1,
        0,
        1,
        1,
        1,
        1,
        1,
        1,
        1,
        1,
        1,
        0,
        1,
        1,
        1,
        1,
        1,
        1,
        1,
        1,
        1,
        0,
        1,
        1,
        1,
        1,
        1,
        0,
        0,
        1,
        1,
        1,
        1,
        1,
        1
    ],
    "heights": [
        2.340418815612793,
        0.930273175239563,
        0.04202882945537567,
        0.000008868129953043535,
        0.02411685883998871,
        1.488373041152954,
        4.35326623916626,
        0.0027210486587136986,
        0.0000029849124985048549,
        -18.6259822845459,
        3.902737617492676,
        0.029934288933873178,
        2.4510033114211184e-8,
        -50.31098175048828,
        0.026624668389558793,
        0.3224407732486725,
        0.010329938493669033,
        0.00004316942431614734,
        0.002692288253456354,
        0.00013855643919669092,
        45.25675964355469,
        0.6913435459136963,
        0.000160840674652718,
        -63.72843551635742,
        0.019319038838148118,
        1.5181738138198853,
        0.057352785021066669,
        0.018367435783147813,
        2.0310685634613039,
        0.03609536960721016,
        17.287565231323243,
        1.343084454536438,
        0.007283216807991266,
        0.00001634440923226066,
        0.05095088481903076,
        0.10843328386545181,
        0.1158863827586174,
        1.109882116317749,
        15.454419136047364,
        0.26433250308036806,
        0.0002865102142095566,
        0.002994739217683673,
        0.0034761964343488218,
        0.2480117678642273,
        0.323607861995697,
        0.0003202810767106712,
        0.0000012583939223986818,
        0.17761647701263429,
        6.256559371948242,
        0.09926015138626099,
        0.0005019711679778993,
        0.22245986759662629,
        0.5360435843467712,
        5.08389139175415,
        1.3760374784469605,
        0.00000558330248168204,
        -106.50144958496094,
        0.004043892491608858,
        0.4564630091190338,
        0.09773598611354828,
        0.06831236183643341,
        0.20330341160297395,
        2.5361201763153078,
        17.723514556884767,
        0.3574070930480957,
        1.9572063081341185e-7,
        -167.8440399169922,
        0.0000633725430816412,
        0.4006120562553406,
        0.0764816552400589,
        0.000009032859452418052,
        0.0007509879651479423,
        0.7446908950805664,
        12.473523139953614,
        0.5986629128456116,
        0.0000010380558705946897,
        -183.16639709472657,
        3.92226295886644e-9,
        0.06538645923137665,
        9.373290061950684,
        0.0336429625749588,
        0.009038475342094899,
        11.645870208740235,
        51.190765380859378,
        0.442335844039917,
        0.00000868735423864564,
        -72.46919250488281,
        0.02932458370923996,
        8.306650161743164,
        47.41609191894531,
        4.4847588539123539,
        1.36385178565979,
        43.36073303222656,
        98.74978637695313,
        0.41902080178260805,
        0.0003504343330860138,
        0.00003957717854063958,
        3.200655460357666,
        23.12215232849121,
        25.11562156677246
    ]
}