{
    "version": 1,
    "layoutName": "terrain_seed_77_grid_10",
    "terrainSeed": 77,
    "gridSize": 10,
    "terrainWidth": 1000,
    "terrainHeight": 1000,
    "seaLevel": 0.0,
    "maxBuildableSlopeDelta": 9.069999694824219,
    "buildable": [
        1,
        1,
        1,
        1,
        0,
        0,
        1,
        1,
        1,
        1,
        1,
        1,
        1,
        0,
        0,
        1,
        1,
        1,
        1,
        1,
        1,
        1,
        1,
        1,
        1,
        1,
        1,
        1,
        1,
        1,
        0,
        0,
        0,
        1,
        1,
        1,
        1,
        1,
        1,
        1,
        1,
        1,
        0,
        1,
        1,
        1,
        1,
        1,
        1,
        0,
        1,
        1,
        1,
        0,
        1,
        1,
        1,
        1,
        1,
        0,
        1,
        1,
        1,
        0,
        0,
        1,
        1,
        1,
        1,
        1,
        1,
        1,
        1,
        1,
        1,
        1,
        1,
        1,
        1,
        1,
        1,
        1,
        1,
        1,
        1,
        1,
        1,
        1,
        1,
        1,
        0,
        0,
        1,
        1,
        1,
        1,
        1,
        0,
        1,
        1
    ],
    "heights": [
        19.842693328857423,
        9.71239948272705,
        0.33774447441101076,
        4.6618318094715509e-9,
        -74.55986785888672,
        -6.9575276374816898,
        2.518104268937199e-14,
        0.0227437075227499,
        3.2690608501434328,
        2.6528067588806154,
        0.13683469593524934,
        4.355207443237305,
        0.2631075382232666,
        7.185642224738932e-15,
        -16.329627990722658,
        2.880983345221466e-7,
        3.613735179153199e-12,
        0.000001939315097843064,
        0.04119729623198509,
        0.013613821938633919,
        0.000002557787865953287,
        0.004189738538116217,
        0.0011398630449548364,
        8.141126528471432e-8,
        0.010135642252862454,
        0.21876707673072816,
        0.008991146460175515,
        0.00173859391361475,
        0.3420960009098053,
        0.00414269557222724,
        -2.1008379459381105,
        -20.82889175415039,
        -44.5488395690918,
        9.065807944352855e-7,
        3.030122995376587,
        26.85719108581543,
        0.9522448778152466,
        0.03903260827064514,
        0.2050681859254837,
        0.00021306514099705964,
        0.015182320959866047,
        0.0000012034880683131633,
        -145.58656311035157,
        2.878032256958818e-9,
        0.37886202335357668,
        27.7763729095459,
        5.70410680770874,
        0.0012842343421652914,
        6.998200241525865e-9,
        -63.15210723876953,
        19.03127098083496,
        0.10284338891506195,
        0.000008768123734625988,
        -62.25455856323242,
        0.0007464198279194534,
        1.0440810918807984,
        10.322610855102539,
        0.22144319117069245,
        6.68619080101962e-8,
        -51.7331428527832,
        116.708740234375,
        9.192708015441895,
        0.4629228115081787,
        -38.48102951049805,
        -84.64820098876953,
        0.001634324318729341,
        6.470828056335449,
        11.210030555725098,
        0.386343389749527,
        1.61520485875144e-8,
        12.525885581970215,
        3.371976852416992,
        0.8584505319595337,
        0.000026479025109438226,
        1.3147666086796564e-17,
        2.6636958264103506e-11,
        0.10523302853107453,
        3.764348030090332,
        1.3461960554122925,
        0.006201258860528469,
        0.0038226009346544744,
        0.0036382258404046299,
        0.009126785211265087,
        0.009816705249249936,
        0.013706949539482594,
        0.02723342925310135,
        0.03077547252178192,
        0.023996125906705858,
        0.006054979283362627,
        0.02202323079109192,
        -105.64772033691406,
        -46.39716339111328,
        1.3944256860298766e-10,
        0.007678140886127949,
        0.46432778239250185,
        1.534672737121582,
        0.00017964153084903955,
        -66.91673278808594,
        1.5166445453075612e-18,
        0.19650325179100038
    ]
}