{
    "version": 1,
    "layoutName": "terrain_seed_97_grid_10",
    "terrainSeed": 97,
    "gridSize": 10,
    "terrainWidth": 1000,
    "terrainHeight": 1000,
    "seaLevel": 0.0,
    "maxBuildableSlopeDelta": 9.069999694824219,
    "buildable": [
        0,
        1,
        1,
        1,
        1,
        1,
        1,
        1,
        0,
        0,
        1,
        1,
        0,
        0,
        1,
        1,
        1,
        0,
        1,
        0,
        1,
        1,
        0,
        0,
        1,
        1,
        1,
        1,
        1,
        1,
        1,
        1,
        1,
        1,
        1,
        1,
        1,
        1,
        1,
        1,
        1,
        1,
        1,
        1,
        1,
        1,
        1,
        1,
        1,
        1,
        1,
        1,
        1,
        1,
        1,
        1,
        1,
        1,
        1,
        1,
        1,
        1,
        1,
        0,
        1,
        1,
        1,
        1,
        1,
        1,
        1,
        1,
        1,
        1,
        1,
        1,
        1,
        1,
        1,
        1,
        1,
        1,
        1,
        0,
        1,
        1,
        1,
        1,
        1,
        1,
        0,
        0,
        0,
        0,
        1,
        1,
        1,
        1,
        1,
        1
    ],
    "heights": [
        54.903804779052737,
        0.6533339619636536,
        0.0006323255365714431,
        0.1032976284623146,
        2.5918424129486086,
        0.27708300948143008,
        0.026465510949492456,
        0.00036577964783646166,
        -1.6289499998092652,
        -160.6882781982422,
        10.04096794128418,
        0.004715289920568466,
        -36.58643341064453,
        -21.624408721923829,
        0.03247563913464546,
        0.28261545300483706,
        6.03285911893181e-7,
        -12.058004379272461,
        0.0000020019133444293404,
        -60.75678253173828,
        17.51224136352539,
        0.16590484976768495,
        1.0417794421178558e-13,
        -131.84837341308595,
        0.0018770241877064109,
        0.19967375695705415,
        0.003925755620002747,
        0.0010509468847885728,
        0.25006115436553957,
        0.00424988055601716,
        26.309539794921876,
        3.523376226425171,
        0.007504267152398825,
        1.4661742042676451e-8,
        0.03008953109383583,
        1.7021949291229249,
        0.004873052705079317,
        0.007895385846495629,
        1.6746852397918702,
        0.15618176758289338,
        0.8784723877906799,
        0.8810350298881531,
        0.00028985110111534595,
        0.004553463775664568,
        1.109700083732605,
        0.35696038603782656,
        1.2484667976080804e-13,
        4.777497952801468e-9,
        0.010996912606060505,
        0.004720327444374561,
        2.6014111042022707,
        0.034885846078395846,
        1.2143601679781569e-9,
        1.6713578077087733e-8,
        0.006791543215513229,
        0.0009548714733682573,
        5.004925807128302e-9,
        0.0003290860913693905,
        0.4219692051410675,
        0.004284355323761702,
        3.961186647415161,
        0.5684497952461243,
        0.01461273618042469,
        -36.122623443603519,
        1.0569708043851076e-15,
        1.1166437730025791e-7,
        0.0007741686422377825,
        0.041741129010915759,
        0.07836657017469406,
        0.005177872721105814,
        0.3371444344520569,
        1.47953200340271,
        0.038668327033519748,
        9.239276010930553e-8,
        6.526161833164679e-10,
        0.12586960196495057,
        0.27935224771499636,
        0.003790115239098668,
        7.307374403353606e-7,
        0.0005608915234915912,
        3.3760896855916658e-10,
        0.0061961510218679909,
        0.0014851903542876244,
        -15.202139854431153,
        0.000036268938856665045,
        1.484047770500183,
        22.12087059020996,
        0.07846923172473908,
        9.107771603567017e-8,
        3.43038024652742e-8,
        -91.87494659423828,
        -105.69329071044922,
        -157.4922637939453,
        -11.7374267578125,
        0.010175300762057305,
        6.052721977233887,
        71.6048583984375,
        14.4959716796875,
        0.8134827613830566,
        0.00020797803881578147
    ]
}