{
    "version": 1,
    "layoutName": "terrain_seed_9_grid_10",
    "terrainSeed": 9,
    "gridSize": 10,
    "terrainWidth": 1000,
    "terrainHeight": 1000,
    "seaLevel": 0.0,
    "maxBuildableSlopeDelta": 9.069999694824219,
    "buildable": [
        1,
        1,
        1,
        1,
        0,
        1,
        0,
        1,
        1,
        1,
        1,
        1,
        1,
        1,
        1,
        1,
        0,
        1,
        1,
        1,
        1,
        1,
        1,
        1,
        1,
        1,
        1,
        1,
        1,
        1,
        1,
        1,
        1,
        1,
        1,
        1,
        1,
        1,
        1,
        1,
        1,
        1,
        1,
        1,
        1,
        1,
        1,
        1,
        0,
        1,
        1,
        1,
        1,
        1,
        1,
        1,
        1,
        1,
        1,
        1,
        0,
        0,
        0,
        1,
        1,
        1,
        1,
        1,
        1,
        0,
        0,
        0,
        0,
        1,
        1,
        0,
        0,
        1,
        1,
        0,
        1,
        1,
        1,
        1,
        1,
        1,
        1,
        1,
        1,
        1,
        1,
        1,
        1,
        1,
        1,
        1,
        1,
        0,
        0,
        1
    ],
    "heights": [
        0.19247809052467347,
        6.952491283416748,
        0.07287072390317917,
        0.5022375583648682,
        99.73614501953125,
        30.533458709716798,
        59.94157791137695,
        7.211656093597412,
        1.3348240852355958,
        0.000010405816283309832,
        3.622727870941162,
        6.199151992797852,
        2.2169666290283205,
        12.752848625183106,
        14.755605697631836,
        20.024072647094728,
        51.138633728027347,
        3.6625113487243654,
        0.013102050870656968,
        0.0002543684095144272,
        2.605536460876465,
        0.01735738478600979,
        0.016373366117477418,
        0.013934782706201077,
        0.030582379549741746,
        0.04618261754512787,
        10.130928039550782,
        0.18756312131881715,
        0.00048605422489345074,
        0.2714627981185913,
        1.1627153158187867,
        0.002224480267614126,
        0.0008677651057951152,
        0.0006565109943039715,
        5.823759465783951e-7,
        1.001226390684451e-8,
        0.038189616054296496,
        0.01755410060286522,
        2.472559690182523e-18,
        2.7615716457366945,
        0.11660848557949066,
        1.1463927030563355,
        1.4275484085083008,
        6.549176216125488,
        0.017104046419262887,
        5.1135408796199047e-8,
        0.0003584887890610844,
        0.0007537371129728854,
        -133.3850860595703,
        0.008571944199502468,
        0.15609361231327058,
        0.03500949963927269,
        0.06775551289319992,
        3.747553825378418,
        0.28002816438674929,
        0.000041242081351811066,
        0.062421929091215137,
        0.5267229676246643,
        0.000001430350152986648,
        3.5448870505661036e-9,
        -45.862632751464847,
        -144.47032165527345,
        -34.98886489868164,
        0.017937107011675836,
        0.0019674922805279495,
        5.4740009858278429e-8,
        0.06215733662247658,
        1.199651837348938,
        0.0068012746050953869,
        -111.42281341552735,
        -95.43568420410156,
        -59.65306854248047,
        -38.49822998046875,
        0.033377230167388919,
        0.00047749635996297,
        -150.3509063720703,
        -107.74131774902344,
        0.000010210267646471038,
        3.7435783362127499e-9,
        -0.9502154588699341,
        1.7916232764036978e-7,
        0.1279039829969406,
        0.8885953426361084,
        5.595758438110352,
        1.954656720161438,
        0.000001226845938617771,
        0.00027700362261384726,
        0.048427339643239978,
        0.07454699277877808,
        0.05059772729873657,
        0.01693548820912838,
        0.3570639491081238,
        0.6195018887519836,
        8.092308044433594,
        3.308946132659912,
        0.0011122553842142225,
        1.012754201889038,
        61.30189514160156,
        35.8682861328125,
        25.340299606323243
    ]
}