{
    "version": 1,
    "layoutName": "terrain_seed_4_grid_10",
    "terrainSeed": 4,
    "gridSize": 10,
    "terrainWidth": 1000,
    "terrainHeight": 1000,
    "seaLevel": 0.0,
    "maxBuildableSlopeDelta": 9.069999694824219,
    "buildable": [
        1,
        1,
        1,
        1,
        1,
        1,
        1,
        1,
        1,
        1,
        1,
        1,
        1,
        1,
        1,
        1,
        1,
        1,
        1,
        1,
        1,
        1,
        1,
        1,
        1,
        1,
        1,
        1,
        1,
        1,
        0,
        1,
        0,
        1,
        1,
        1,
        1,
        1,
        1,
        1,
        1,
        1,
        0,
        1,
        1,
        1,
        1,
        0,
        1,
        1,
        1,
        1,
        1,
        1,
        1,
        1,
        1,
        1,
        1,
        1,
        1,
        1,
        0,
        0,
        0,
        0,
        0,
        1,
        1,
        0,
        1,
        0,
        1,
        1,
        0,
        0,
        0,
        1,
        1,
        1,
        1,
        1,
        1,
        1,
        1,
        1,
        1,
        1,
        1,
        1,
        1,
        1,
        0,
        0,
        1,
        1,
        1,
        1,
        1,
        1
    ],
    "heights": [
        0.0000023559875899081819,
        0.08191367238759995,
        3.111201286315918,
        3.307767391204834,
        0.0006226260447874665,
        5.87407381394476e-18,
        0.06340054422616959,
        1.1108781099319459,
        0.4316861033439636,
        1.2765272855758668,
        0.0014339566696435214,
        0.8478506803512573,
        1.6214460134506226,
        0.44299575686454775,
        0.29739853739738467,
        0.1254056692123413,
        3.727288246154785,
        0.4624115824699402,
        0.0010589921148493887,
        0.000008143006198224612,
        2.3894890510689494e-9,
        0.002592997392639518,
        0.0038820975460112097,
        0.005693389102816582,
        0.003013986861333251,
        0.038309790194034579,
        1.7118959426879883,
        0.10135877132415772,
        0.0000010076299759020913,
        8.86322425230901e-7,
        -68.50116729736328,
        2.491328150722172e-11,
        -13.685449600219727,
        2.4756075661658273e-11,
        0.000018138554878532887,
        0.00014712914708070457,
        0.0174036156386137,
        0.0002817214117385447,
        7.72812747129592e-9,
        0.0061500463634729389,
        0.0000032090065360534938,
        0.003375361207872629,
        -6.235659122467041,
        0.00003796039163717069,
        0.07405471801757813,
        0.024158211424946786,
        1.8821023906046009e-10,
        -23.076597213745118,
        0.0014164593303576112,
        0.4580191671848297,
        0.05952867493033409,
        0.04133844003081322,
        0.000007652885869902093,
        1.1837789422482464e-14,
        0.0062642162665724758,
        0.00010111028677783906,
        1.3328109449428639e-10,
        0.006406111177057028,
        2.0508909225463869,
        13.476431846618653,
        0.0028158947825431825,
        0.00007560100493719801,
        -23.20864486694336,
        -127.37108612060547,
        -136.63180541992188,
        -126.63729095458985,
        -42.86443328857422,
        0.0012630753917619587,
        5.816141128540039,
        40.29458236694336,
        0.000014518261195917148,
        -7.104376316070557,
        0.000641030608676374,
        0.00005695876825484447,
        -56.982078552246097,
        -90.6749267578125,
        -129.48306274414063,
        6.399047833838267e-7,
        0.031514041125774387,
        0.011424154974520207,
        0.004747443366795778,
        0.0017878272337839008,
        1.4093689918518067,
        1.3428359031677247,
        0.021115465089678766,
        0.008045672439038754,
        1.364174520257755e-17,
        0.00017406685219611973,
        0.15217353403568269,
        0.0013625199208036066,
        0.30802038311958315,
        4.28754186630249,
        92.70406341552735,
        105.53214263916016,
        12.299347877502442,
        1.9125034809112549,
        0.05047658458352089,
        0.03746390342712402,
        0.48313117027282717,
        0.21528270840644837
    ]
}