{
    "version": 1,
    "layoutName": "terrain_seed_86_grid_10",
    "terrainSeed": 86,
    "gridSize": 10,
    "terrainWidth": 1000,
    "terrainHeight": 1000,
    "seaLevel": 0.0,
    "maxBuildableSlopeDelta": 9.069999694824219,
    "buildable": [
        1,
        1,
        1,
        1,
        1,
        1,
        1,
        1,
        1,
        0,
        1,
        1,
        1,
        0,
        1,
        1,
        1,
        1,
        1,
        1,
        1,
        1,
        1,
        0,
        1,
        1,
        1,
        1,
        1,
        1,
        1,
        1,
        0,
        0,
        1,
        1,
        1,
        1,
        1,
        1,
        1,
        1,
        1,
        1,
        1,
        1,
        1,
        1,
        1,
        1,
        1,
        1,
        1,
        1,
        1,
        1,
        0,
        1,
        1,
        1,
        1,
        1,
        1,
        1,
        0,
        0,
        0,
        1,
        1,
        1,
        1,
        1,
        0,
        1,
        0,
        1,
        1,
        1,
        1,
        1,
        1,
        1,
        1,
        1,
        1,
        1,
        1,
        1,
        1,
        1,
        0,
        1,
        1,
        1,
        1,
        1,
        1,
        1,
        1,
        1
    ],
    "heights": [
        0.0022290220949798824,
        0.000005831013822898967,
        8.132990660365098e-16,
        5.95320344132233e-8,
        0.0003648370911832899,
        0.024476882070302964,
        0.004546427633613348,
        0.00038049896829761565,
        0.00012617112952284515,
        -172.37094116210938,
        2.921912431716919,
        0.029586952179670335,
        4.027377660965198e-13,
        -20.274560928344728,
        0.09734827280044556,
        9.578275680541993,
        4.108985424041748,
        1.2801645994186402,
        0.09628920257091522,
        2.3489763023576417e-8,
        3.639678478240967,
        0.29284751415252688,
        1.5744235781767203e-7,
        -174.7473602294922,
        0.00010879470210056752,
        1.0842419862747193,
        2.0000765323638918,
        0.01592065766453743,
        0.0018738963408395649,
        8.327551093145758e-9,
        0.08237729966640473,
        0.0006657931371591985,
        -7.031209468841553,
        -76.3847885131836,
        3.4600324738676138e-7,
        0.056279487907886508,
        0.006311938166618347,
        1.4058913677672536e-7,
        6.55558324069716e-7,
        0.0002039804239757359,
        0.0020374159794300796,
        6.9448735651178598e-9,
        0.0013606057036668063,
        0.5820463299751282,
        0.2856714129447937,
        0.5170182585716248,
        0.000057230034144595265,
        0.00003647620906122029,
        0.29120808839797976,
        2.5477967262268068,
        0.0022725900635123255,
        0.0015944394981488586,
        2.893282413482666,
        4.743091106414795,
        0.004724932834506035,
        0.0006503726472146809,
        -8.29777717590332,
        0.010272747837007046,
        4.54284143447876,
        2.862239360809326,
        0.5115466713905335,
        12.303974151611329,
        69.39998626708985,
        0.03157868981361389,
        -64.29127502441406,
        -57.665748596191409,
        -33.067203521728519,
        0.00465851416811347,
        0.7789497971534729,
        0.114113450050354,
        0.1621859073638916,
        3.529611110687256,
        55.060062408447269,
        0.0009687498095445335,
        -71.2909164428711,
        0.000006260585450945655,
        0.0000015690395684941905,
        0.01148068904876709,
        8.752142906188965,
        12.486380577087403,
        9.204633499848569e-9,
        0.004285052884370089,
        0.19535797834396363,
        0.02253064699470997,
        0.01148504763841629,
        0.6771559119224548,
        0.023618001490831376,
        0.00019534990133251995,
        5.860785007476807,
        40.06132888793945,
        -30.52794075012207,
        0.00010250227205688134,
        0.18942363560199738,
        2.3194448947906496,
        9.819717407226563,
        42.83616638183594,
        0.8957668542861939,
        0.0702272430062294,
        1.1524683237075806,
        18.163917541503908
    ]
}