{
    "version": 1,
    "layoutName": "terrain_seed_99_grid_10",
    "terrainSeed": 99,
    "gridSize": 10,
    "terrainWidth": 1000,
    "terrainHeight": 1000,
    "seaLevel": 0.0,
    "maxBuildableSlopeDelta": 9.069999694824219,
    "buildable": [
        1,
        1,
        1,
        1,
        1,
        1,
        1,
        0,
        1,
        1,
        1,
        1,
        1,
        1,
        1,
        1,
        1,
        0,
        1,
        1,
        1,
        1,
        1,
        1,
        1,
        1,
        1,
        1,
        1,
        0,
        1,
        1,
        1,
        1,
        1,
        1,
        1,
        1,
        1,
        1,
        1,
        1,
        1,
        1,
        1,
        1,
        1,
        1,
        1,
        1,
        1,
        1,
        1,
        1,
        1,
        1,
        1,
        1,
        1,
        1,
        1,
        1,
        1,
        1,
        1,
        1,
        0,
        1,
        1,
        1,
        1,
        1,
        1,
        1,
        1,
        1,
        1,
        1,
        1,
        1,
        1,
        1,
        1,
        1,
        1,
        1,
        1,
        1,
        1,
        1,
        1,
        1,
        1,
        1,
        1,
        0,
        1,
        1,
        1,
        1
    ],
    "heights": [
        0.0007396764704026282,
        0.16330355405807496,
        0.5201878547668457,
        0.03534665331244469,
        0.10389736294746399,
        1.8034247159957886,
        0.0007339175790548325,
        -35.51361083984375,
        0.000010293077139067464,
        1.5954065322875977,
        1.9799166917800904,
        0.004573573358356953,
        0.0000012253916565896362,
        0.005440108478069305,
        0.8144563436508179,
        0.5204388499259949,
        2.1461421528812254e-9,
        -94.65130615234375,
        0.0027353400364518167,
        1.9374678134918213,
        34.65574264526367,
        0.46117934584617617,
        0.00014577533875126392,
        0.000002627570438562543,
        0.0014602752635255457,
        0.007512378040701151,
        2.289195943916411e-9,
        0.002640834776684642,
        4.389376163482666,
        36.63928985595703,
        126.70484161376953,
        35.064117431640628,
        2.32026743888855,
        0.00686667300760746,
        0.000002892744305427186,
        7.026060983017502e-11,
        0.014639228582382203,
        9.011070251464844,
        57.18373489379883,
        39.06639862060547,
        15.828817367553711,
        7.4002485275268559,
        6.146440505981445,
        1.2979141473770142,
        0.009219665080308915,
        5.885678611150524e-10,
        0.012341414578258992,
        4.535341262817383,
        3.691620349884033,
        0.0012138644233345986,
        0.004462177399545908,
        0.016767272725701333,
        0.01840520091354847,
        2.042919635772705,
        0.11628125607967377,
        0.000018561833712738007,
        0.000002246607436973136,
        0.03253273293375969,
        0.0038327937945723535,
        6.250669981611168e-10,
        0.00008729430555831641,
        0.00004400084799272008,
        0.012163393199443818,
        0.05420665815472603,
        0.0008655688725411892,
        8.389752816457478e-16,
        -79.04630279541016,
        1.9966639452917436e-9,
        0.00011503940913826227,
        0.2929360270500183,
        0.00016109031275846064,
        0.08282297104597092,
        1.333796501159668,
        0.0020459142979234459,
        6.583757870716326e-16,
        0.00028328030020929873,
        0.000008821262781566475,
        0.00015768549928907305,
        0.7797650694847107,
        27.00273895263672,
        0.0030019977129995825,
        0.0021782442927360536,
        0.1756184995174408,
        0.007790392264723778,
        0.003980020061135292,
        1.2663893699645997,
        0.0011835071491077543,
        0.0011186236515641213,
        1.9482207298278809,
        19.932405471801759,
        0.07792847603559494,
        0.0003498687001410872,
        0.07003814727067948,
        0.14646513760089875,
        6.057220935821533,
        70.49220275878906,
        0.02032938413321972,
        0.000015273350072675385,
        0.1444775015115738,
        0.03429495170712471
    ]
}